Workbook

Sheet Fisa
A1: FIȘĂ COMANDĂ | M1: Rev. | N1: Data Rev. | O1: Alege Motivul Reviziei
A2: . | M2: 1
A3: Client: | H3: Tip proiect: | M3: 2
A4: Titlu proiect: | H4: Tip Solicitare: | M4: 3
A5: Nr proiect: | H5: Preluat de: | M5: 4
A6: Data: | H6: Proiectat de: | M6: 5
A8: MATERIALE | F8: ABS (ml)
F9: 22/0.4 | H9: 22/1 | J9: 23/0.8 | L9: 23/2 | N9: 43/1 | P9: 43/1.5 | R9: 43/2
A10: PAL | B10: Decor | C10: Cant. | D10: U.M. | F10: Decor | G10: Cant. | H10: Decor | I10: Cant. | J10: Decor | K10: Cant. | L10: Decor | M10: Cant. | N10: Decor | O10: Cant. | P10: Decor | Q10: Cant. | R10: Decor | S10: Cant.
B11: =IFERROR(INDEX(Deco!$Y$2:$Y$99,_xlfn.AGGREGATE(15,6,ROW(Deco!$Y$2:$Y$99)-ROW(Deco!$Y$2)+1/(Deco!$W$2:$W$99="PAL"),1)),"") | C11: {=IFERROR( IF(D11="buc", IF(B11<>"", INDEX(Deco!$C$2:$C$99, MATCH(1, (Deco!$Y$2:$Y$99=B11)*(Deco!$W$2:$W$99="PAL"), 0)), ""), IF(AND(B11<>"", INDEX(Deco!$W$2:$W$99, MATCH(1, (Deco!$Y$2:$Y$99=B11)*(Deco!$W$2:$W$99="PAL"), 0))="PAL"), INDEX(Deco!$V$2:$V$99, MATCH(1, (Deco!$Y$2:$Y$99=B11)*(Deco!$W$2:$W$99="PAL"), 0)), "") ), "")} | D11: {=IF(I3="Debitare căntuire", IF(OR(RIGHT(B11,1)={"0","1","2","3","4","5","6","7","8","9"},RIGHT(B11,2)="SM",RIGHT(B11,2)="PM",RIGHT(B11,2)="PG",RIGHT(B11,2)="mm",RIGHT(B11,2)="mp",RIGHT(B11,2)="PA",RIGHT(B11,2)="3D"),"buc","mp"), "mp")} -> mp | F11: {=IFERROR(INDEX(Cant!$M$2:$M$99,_xlfn.AGGREGATE(15,6,(ROW(Cant!$M$2:$M$99)-ROW(Cant!$M$2)+1)/((Cant!$M$2:$M$99<>"")*(COUNTIF($F$10:F10,Cant!$M$2:$M$99)=0)),1)),"")} | G11: =IFERROR(IF(AND(F11<>"",SUMIFS(Cant!$I$2:$I$99,Cant!$M$2:$M$99,F11,Cant!$J$2:$J$99,"22/0.4")+SUMIFS(Cant!$I$2:$I$99,Cant!$M$2:$M$99,F11,Cant!$J$2:$J$99,"22/0.5")>0), SUMIFS(Cant!$I$2:$I$99,Cant!$M$2:$M$99,F11,Cant!$J$2:$J$99,"22/0.4") +SUMIFS(Cant!$I$2:$I$99,Cant!$M$2:$M$99,F11,Cant!$J$2:$J$99,"22/0.5"), ""), "") | H11: =CONCATENATE(F11) | I11: =IFERROR( IF(AND(H11<>"", SUMIFS(Cant!$I$2:$I$99,Cant!$M$2:$M$99,H11,Cant!$J$2:$J$99,"22/1.0") +SUMIFS(Cant!$I$2:$I$99,Cant!$M$2:$M$99,H11,Cant!$J$2:$J$99,"23/1.0")>0), SUMIFS(Cant!$I$2:$I$99,Cant!$M$2:$M$99,H11,Cant!$J$2:$J$99,"22/1.0") +SUMIFS(Cant!$I$2:$I$99,Cant!$M$2:$M$99,H11,Cant!$J$2:$J$99,"23/1.0"), ""),"") | J11: =CONCATENATE(F11) | K11: =IFERROR(IF(AND(J11<>"",SUMIFS(Cant!$I$2:$I$99,Cant!$M$2:$M$99,J11,Cant!$J$2:$J$99,"23/0.8")>0),SUMIFS(Cant!$I$2:$I$99,Cant!$M$2:$M$99,J11,Cant!$J$2:$J$99,"23/0.8"),""),"") | L11: =CONCATENATE(F11) | M11: =IFERROR(IF(AND(L11<>"",SUMIFS(Cant!$I$2:$I$99,Cant!$M$2:$M$99,L11,Cant!$J$2:$J$99,"23/2.0")>0),SUMIFS(Cant!$I$2:$I$99,Cant!$M$2:$M$99,L11,Cant!$J$2:$J$99,"23/2.0"),""),"") | N11: =CONCATENATE(F11) | O11: =IFERROR(IF(AND(N11<>"",SUMIFS(Cant!$I$2:$I$99,Cant!$M$2:$M$99,N11,Cant!$J$2:$J$99,"43/1.0")+SUMIFS(Cant!$I$2:$I$99,Cant!$M$2:$M$99,F11,Cant!$J$2:$J$99,"43/0.8")+SUMIFS(Cant!$I$2:$I$99,Cant!$M$2:$M$99,F11,Cant!$J$2:$J$99,"42/1.0")>0),SUMIFS(Cant!$I$2:$I$99,Cant!$M$2:$M$99,N11,Cant!$J$2:$J$99,"43/1.0")+SUMIFS(Cant!$I$2:$I$99,Cant!$M$2:$M$99,N11,Cant!$J$2:$J$99,"43/0.8")++SUMIFS(Cant!$I$2:$I$99,Cant!$M$2:$M$99,F11,Cant!$J$2:$J$99,"42/1.0"),""),"") | P11: =CONCATENATE(F11) | Q11: =IFERROR(IF(AND(P11<>"",SUMIFS(Cant!$I$2:$I$99,Cant!$M$2:$M$99,P11,Cant!$J$2:$J$99,"43/1.5")+SUMIFS(Cant!$I$2:$I$99,Cant!$M$2:$M$99,P11,Cant!$J$2:$J$99,"24/1.5")>0),SUMIFS(Cant!$I$2:$I$99,Cant!$M$2:$M$99,P11,Cant!$J$2:$J$99,"43/1.5")+SUMIFS(Cant!$I$2:$I$99,Cant!$M$2:$M$99,P11,Cant!$J$2:$J$99,"24/1.5"),""),"") | R11: =CONCATENATE(F11) | S11: =IFERROR(IF(AND(R11<>"",SUMIFS(Cant!$I$2:$I$99,Cant!$M$2:$M$99,R11,Cant!$J$2:$J$99,"43/2.0")>0),SUMIFS(Cant!$I$2:$I$99,Cant!$M$2:$M$99,R11,Cant!$J$2:$J$99,"43/2.0"),""),"")
B12: {=IFERROR(_xlfn.SINGLE(INDEX(Deco!$Y$2:$Y$99,_xlfn.AGGREGATE(15,6,ROW(Deco!$Y$2:$Y$99)-ROW(Deco!$Y$2)+1/(Deco!$W$2:$W$99="PAL"),2))),"")} | C12: {=IFERROR( IF(D12="buc", IF(B12<>"", INDEX(Deco!$C$2:$C$99, MATCH(1, (Deco!$Y$2:$Y$99=B12)*(Deco!$W$2:$W$99="PAL"), 0)), ""), IF(AND(B12<>"", INDEX(Deco!$W$2:$W$99, MATCH(1, (Deco!$Y$2:$Y$99=B12)*(Deco!$W$2:$W$99="PAL"), 0))="PAL"), INDEX(Deco!$V$2:$V$99, MATCH(1, (Deco!$Y$2:$Y$99=B12)*(Deco!$W$2:$W$99="PAL"), 0)), "") ), "")} | D12: {=IF(I3="Debitare căntuire", IF(OR(RIGHT(B12,1)={"0","1","2","3","4","5","6","7","8","9"},RIGHT(B12,2)="SM",RIGHT(B12,2)="PM",RIGHT(B12,2)="PG",RIGHT(B12,2)="mm",RIGHT(B12,2)="mp",RIGHT(B12,2)="PA",RIGHT(B12,2)="3D"),"buc","mp"), "mp")} -> mp | F12: {=IFERROR(INDEX(Cant!$M$2:$M$99,_xlfn.AGGREGATE(15,6,(ROW(Cant!$M$2:$M$99)-ROW(Cant!$M$2)+1)/((Cant!$M$2:$M$99<>"")*(COUNTIF($F$10:F11,Cant!$M$2:$M$99)=0)),1)),"")} | G12: =IF(AND(F12<>"",COUNTIF($F$11:F11,F12)>0),"",IFERROR(IF(AND(F12<>"",SUMIFS(Cant!$I$2:$I$99,Cant!$M$2:$M$99,F12,Cant!$J$2:$J$99,"22/0.4") +SUMIFS(Cant!$I$2:$I$99,Cant!$M$2:$M$99,F12,Cant!$J$2:$J$99,"22/0.5")>0), SUMIFS(Cant!$I$2:$I$99,Cant!$M$2:$M$99,F12,Cant!$J$2:$J$99,"22/0.4") +SUMIFS(Cant!$I$2:$I$99,Cant!$M$2:$M$99,F12,Cant!$J$2:$J$99,"22/0.5"), ""), "") ) | H12: =CONCATENATE(F12) | I12: =IF(AND(F12<>"",COUNTIF($F$11:F11,F12)>0),"",IFERROR( IF(AND(H12<>"", SUMIFS(Cant!$I$2:$I$99,Cant!$M$2:$M$99,H12,Cant!$J$2:$J$99,"22/1.0") +SUMIFS(Cant!$I$2:$I$99,Cant!$M$2:$M$99,H12,Cant!$J$2:$J$99,"23/1.0")>0), SUMIFS(Cant!$I$2:$I$99,Cant!$M$2:$M$99,H12,Cant!$J$2:$J$99,"22/1.0") +SUMIFS(Cant!$I$2:$I$99,Cant!$M$2:$M$99,H12,Cant!$J$2:$J$99,"23/1.0"), ""),"")) | J12: =CONCATENATE(F12) | K12: =IF(AND(F12<>"",COUNTIF($F$11:F11,F12)>0),"",IFERROR(IF(AND(J12<>"",SUMIFS(Cant!$I$2:$I$99,Cant!$M$2:$M$99,J12,Cant!$J$2:$J$99,"23/0.8")>0),SUMIFS(Cant!$I$2:$I$99,Cant!$M$2:$M$99,J12,Cant!$J$2:$J$99,"23/0.8"),""),"")) | L12: =CONCATENATE(F12) | M12: =IF(AND(F12<>"",COUNTIF($F$11:F11,F12)>0),"",IFERROR(IF(AND(L12<>"",SUMIFS(Cant!$I$2:$I$99,Cant!$M$2:$M$99,L12,Cant!$J$2:$J$99,"23/2.0")>0),SUMIFS(Cant!$I$2:$I$99,Cant!$M$2:$M$99,L12,Cant!$J$2:$J$99,"23/2.0"),""),"")) | N12: =CONCATENATE(F12) | O12: =IF(AND(F12<>"",COUNTIF($F$11:F11,F12)>0),"",IFERROR(IF(AND(N12<>"",SUMIFS(Cant!$I$2:$I$99,Cant!$M$2:$M$99,N12,Cant!$J$2:$J$99,"43/1.0")+SUMIFS(Cant!$I$2:$I$99,Cant!$M$2:$M$99,N12,Cant!$J$2:$J$99,"43/0.8")+SUMIFS(Cant!$I$2:$I$99,Cant!$M$2:$M$99,N12,Cant!$J$2:$J$99,"42/1.0")>0),SUMIFS(Cant!$I$2:$I$99,Cant!$M$2:$M$99,N12,Cant!$J$2:$J$99,"43/1.0")+SUMIFS(Cant!$I$2:$I$99,Cant!$M$2:$M$99,N12,Cant!$J$2:$J$99,"43/0.8")+SUMIFS(Cant!$I$2:$I$99,Cant!$M$2:$M$99,N12,Cant!$J$2:$J$99,"42/1.0"),""),"")) | P12: =CONCATENATE(F12) | Q12: =IF(AND(F12<>"",COUNTIF($F$11:F11,F12)>0),"",IFERROR(IF(AND(P12<>"",SUMIFS(Cant!$I$2:$I$99,Cant!$M$2:$M$99,P12,Cant!$J$2:$J$99,"43/1.5")+SUMIFS(Cant!$I$2:$I$99,Cant!$M$2:$M$99,P12,Cant!$J$2:$J$99,"24/1.5")>0),SUMIFS(Cant!$I$2:$I$99,Cant!$M$2:$M$99,P12,Cant!$J$2:$J$99,"43/1.5")+SUMIFS(Cant!$I$2:$I$99,Cant!$M$2:$M$99,P12,Cant!$J$2:$J$99,"24/1.5"),""),"")) | R12: =CONCATENATE(F12) | S12: =IF(AND(F12<>"",COUNTIF($F$11:F11,F12)>0),"",IFERROR(IF(AND(R12<>"",SUMIFS(Cant!$I$2:$I$99,Cant!$M$2:$M$99,R12,Cant!$J$2:$J$99,"43/2.0")>0),SUMIFS(Cant!$I$2:$I$99,Cant!$M$2:$M$99,R12,Cant!$J$2:$J$99,"43/2.0"),""),""))
B13: {=IFERROR(_xlfn.SINGLE(INDEX(Deco!$Y$2:$Y$99,_xlfn.AGGREGATE(15,6,ROW(Deco!$Y$2:$Y$99)-ROW(Deco!$Y$2)+1/(Deco!$W$2:$W$99="PAL"),3))),"")} | C13: {=IFERROR( IF(D13="buc", IF(B13<>"", INDEX(Deco!$C$2:$C$99, MATCH(1, (Deco!$Y$2:$Y$99=B13)*(Deco!$W$2:$W$99="PAL"), 0)), ""), IF(AND(B13<>"", INDEX(Deco!$W$2:$W$99, MATCH(1, (Deco!$Y$2:$Y$99=B13)*(Deco!$W$2:$W$99="PAL"), 0))="PAL"), INDEX(Deco!$V$2:$V$99, MATCH(1, (Deco!$Y$2:$Y$99=B13)*(Deco!$W$2:$W$99="PAL"), 0)), "") ), "")} | D13: {=IF(I3="Debitare căntuire", IF(OR(RIGHT(B13,1)={"0","1","2","3","4","5","6","7","8","9"},RIGHT(B13,2)="SM",RIGHT(B13,2)="PM",RIGHT(B13,2)="PG",RIGHT(B13,2)="mm",RIGHT(B13,2)="mp",RIGHT(B13,2)="PA",RIGHT(B13,2)="3D"),"buc","mp"), "mp")} -> mp | F13: {=IFERROR(INDEX(Cant!$M$2:$M$99,_xlfn.AGGREGATE(15,6,(ROW(Cant!$M$2:$M$99)-ROW(Cant!$M$2)+1)/((Cant!$M$2:$M$99<>"")*(COUNTIF($F$10:F12,Cant!$M$2:$M$99)=0)),1)),"")} | G13: =IF(AND(F13<>"",COUNTIF($F$11:F12,F13)>0),"", IFERROR( IF(AND(F13<>"", SUMIFS(Cant!$I$2:$I$99,Cant!$M$2:$M$99,F13,Cant!$J$2:$J$99,"22/0.4") +SUMIFS(Cant!$I$2:$I$99,Cant!$M$2:$M$99,F13,Cant!$J$2:$J$99,"22/0.5")>0), SUMIFS(Cant!$I$2:$I$99,Cant!$M$2:$M$99,F13,Cant!$J$2:$J$99,"22/0.4") +SUMIFS(Cant!$I$2:$I$99,Cant!$M$2:$M$99,F13,Cant!$J$2:$J$99,"22/0.5"), ""), "") ) | H13: =CONCATENATE(F13) | I13: =IF(AND(F13<>"",COUNTIF($F$11:F12,F13)>0),"",IFERROR( IF(AND(H13<>"", SUMIFS(Cant!$I$2:$I$99,Cant!$M$2:$M$99,H13,Cant!$J$2:$J$99,"22/1.0") +SUMIFS(Cant!$I$2:$I$99,Cant!$M$2:$M$99,H13,Cant!$J$2:$J$99,"23/1.0")>0), SUMIFS(Cant!$I$2:$I$99,Cant!$M$2:$M$99,H13,Cant!$J$2:$J$99,"22/1.0") +SUMIFS(Cant!$I$2:$I$99,Cant!$M$2:$M$99,H13,Cant!$J$2:$J$99,"23/1.0"), ""),"")) | J13: =CONCATENATE(F13) | K13: =IF(AND(F13<>"",COUNTIF($F$11:F12,F13)>0),"",IFERROR(IF(AND(J13<>"",SUMIFS(Cant!$I$2:$I$99,Cant!$M$2:$M$99,J13,Cant!$J$2:$J$99,"23/0.8")>0),SUMIFS(Cant!$I$2:$I$99,Cant!$M$2:$M$99,J13,Cant!$J$2:$J$99,"23/0.8"),""),"")) | L13: =CONCATENATE(F13) | M13: =IF(AND(F13<>"",COUNTIF($F$11:F12,F13)>0),"",IFERROR(IF(AND(L13<>"",SUMIFS(Cant!$I$2:$I$99,Cant!$M$2:$M$99,L13,Cant!$J$2:$J$99,"23/2.0")>0),SUMIFS(Cant!$I$2:$I$99,Cant!$M$2:$M$99,L13,Cant!$J$2:$J$99,"23/2.0"),""),"")) | N13: =CONCATENATE(F13) | O13: =IF(AND(F13<>"",COUNTIF($F$11:F12,F13)>0),"",IFERROR(IF(AND(N13<>"",SUMIFS(Cant!$I$2:$I$99,Cant!$M$2:$M$99,N13,Cant!$J$2:$J$99,"43/1.0")+SUMIFS(Cant!$I$2:$I$99,Cant!$M$2:$M$99,N13,Cant!$J$2:$J$99,"43/0.8")+SUMIFS(Cant!$I$2:$I$99,Cant!$M$2:$M$99,N13,Cant!$J$2:$J$99,"42/1.0")>0),SUMIFS(Cant!$I$2:$I$99,Cant!$M$2:$M$99,N13,Cant!$J$2:$J$99,"43/1.0")+SUMIFS(Cant!$I$2:$I$99,Cant!$M$2:$M$99,N13,Cant!$J$2:$J$99,"43/0.8")+SUMIFS(Cant!$I$2:$I$99,Cant!$M$2:$M$99,N13,Cant!$J$2:$J$99,"42/1.0"),""),"")) | P13: =CONCATENATE(F13) | Q13: =IF(AND(F13<>"",COUNTIF($F$11:F12,F13)>0),"",IFERROR(IF(AND(P13<>"",SUMIFS(Cant!$I$2:$I$99,Cant!$M$2:$M$99,P13,Cant!$J$2:$J$99,"43/1.5")+SUMIFS(Cant!$I$2:$I$99,Cant!$M$2:$M$99,P13,Cant!$J$2:$J$99,"24/1.5")>0),SUMIFS(Cant!$I$2:$I$99,Cant!$M$2:$M$99,P13,Cant!$J$2:$J$99,"43/1.5")+SUMIFS(Cant!$I$2:$I$99,Cant!$M$2:$M$99,P13,Cant!$J$2:$J$99,"24/1.5"),""),"")) | R13: =CONCATENATE(F13) | S13: =IF(AND(F13<>"",COUNTIF($F$11:F12,F13)>0),"",IFERROR(IF(AND(R13<>"",SUMIFS(Cant!$I$2:$I$99,Cant!$M$2:$M$99,R13,Cant!$J$2:$J$99,"43/2.0")>0),SUMIFS(Cant!$I$2:$I$99,Cant!$M$2:$M$99,R13,Cant!$J$2:$J$99,"43/2.0"),""),""))
B14: {=IFERROR(_xlfn.SINGLE(INDEX(Deco!$Y$2:$Y$99,_xlfn.AGGREGATE(15,6,ROW(Deco!$Y$2:$Y$99)-ROW(Deco!$Y$2)+1/(Deco!$W$2:$W$99="PAL"),4))),"")} | C14: {=IFERROR( IF(D14="buc", IF(B14<>"", INDEX(Deco!$C$2:$C$99, MATCH(1, (Deco!$Y$2:$Y$99=B14)*(Deco!$W$2:$W$99="PAL"), 0)), ""), IF(AND(B14<>"", INDEX(Deco!$W$2:$W$99, MATCH(1, (Deco!$Y$2:$Y$99=B14)*(Deco!$W$2:$W$99="PAL"), 0))="PAL"), INDEX(Deco!$V$2:$V$99, MATCH(1, (Deco!$Y$2:$Y$99=B14)*(Deco!$W$2:$W$99="PAL"), 0)), "") ), "")} | D14: {=IF(I3="Debitare căntuire", IF(OR(RIGHT(B14,1)={"0","1","2","3","4","5","6","7","8","9"},RIGHT(B14,2)="SM",RIGHT(B14,2)="PM",RIGHT(B14,2)="PG",RIGHT(B14,2)="mm",RIGHT(B14,2)="mp",RIGHT(B14,2)="PA",RIGHT(B14,2)="3D"),"buc","mp"), "mp")} -> mp | F14: {=IFERROR(INDEX(Cant!$M$2:$M$99,_xlfn.AGGREGATE(15,6,(ROW(Cant!$M$2:$M$99)-ROW(Cant!$M$2)+1)/((Cant!$M$2:$M$99<>"")*(COUNTIF($F$10:F13,Cant!$M$2:$M$99)=0)),1)),"")} | G14: =IF(AND(F14<>"",COUNTIF($F$11:F13,F14)>0),"", IFERROR( IF(AND(F14<>"", SUMIFS(Cant!$I$2:$I$99,Cant!$M$2:$M$99,F14,Cant!$J$2:$J$99,"22/0.4") +SUMIFS(Cant!$I$2:$I$99,Cant!$M$2:$M$99,F14,Cant!$J$2:$J$99,"22/0.5")>0), SUMIFS(Cant!$I$2:$I$99,Cant!$M$2:$M$99,F14,Cant!$J$2:$J$99,"22/0.4") +SUMIFS(Cant!$I$2:$I$99,Cant!$M$2:$M$99,F14,Cant!$J$2:$J$99,"22/0.5"), ""), "") ) | H14: =CONCATENATE(F14) | I14: =IF(AND(F14<>"",COUNTIF($F$11:F13,F14)>0),"",IFERROR( IF(AND(H14<>"", SUMIFS(Cant!$I$2:$I$99,Cant!$M$2:$M$99,H14,Cant!$J$2:$J$99,"22/1.0") +SUMIFS(Cant!$I$2:$I$99,Cant!$M$2:$M$99,H14,Cant!$J$2:$J$99,"23/1.0")>0), SUMIFS(Cant!$I$2:$I$99,Cant!$M$2:$M$99,H14,Cant!$J$2:$J$99,"22/1.0") +SUMIFS(Cant!$I$2:$I$99,Cant!$M$2:$M$99,H14,Cant!$J$2:$J$99,"23/1.0"), ""),"")) | J14: =CONCATENATE(F14) | K14: =IF(AND(F14<>"",COUNTIF($F$11:F13,F14)>0),"",IFERROR(IF(AND(J14<>"",SUMIFS(Cant!$I$2:$I$99,Cant!$M$2:$M$99,J14,Cant!$J$2:$J$99,"23/0.8")>0),SUMIFS(Cant!$I$2:$I$99,Cant!$M$2:$M$99,J14,Cant!$J$2:$J$99,"23/0.8"),""),"")) | L14: =CONCATENATE(F14) | M14: =IF(AND(F14<>"",COUNTIF($F$11:F13,F14)>0),"",IFERROR(IF(AND(L14<>"",SUMIFS(Cant!$I$2:$I$99,Cant!$M$2:$M$99,L14,Cant!$J$2:$J$99,"23/2.0")>0),SUMIFS(Cant!$I$2:$I$99,Cant!$M$2:$M$99,L14,Cant!$J$2:$J$99,"23/2.0"),""),"")) | N14: =CONCATENATE(F14) | O14: =IF(AND(F14<>"",COUNTIF($F$11:F13,F14)>0),"",IFERROR(IF(AND(N14<>"",SUMIFS(Cant!$I$2:$I$99,Cant!$M$2:$M$99,N14,Cant!$J$2:$J$99,"43/1.0")+SUMIFS(Cant!$I$2:$I$99,Cant!$M$2:$M$99,N14,Cant!$J$2:$J$99,"43/0.8")+SUMIFS(Cant!$I$2:$I$99,Cant!$M$2:$M$99,N14,Cant!$J$2:$J$99,"42/1.0")>0),SUMIFS(Cant!$I$2:$I$99,Cant!$M$2:$M$99,N14,Cant!$J$2:$J$99,"43/1.0")+SUMIFS(Cant!$I$2:$I$99,Cant!$M$2:$M$99,N14,Cant!$J$2:$J$99,"43/0.8")+SUMIFS(Cant!$I$2:$I$99,Cant!$M$2:$M$99,N14,Cant!$J$2:$J$99,"42/1.0"),""),"")) | P14: =CONCATENATE(F14) | Q14: =IF(AND(F14<>"",COUNTIF($F$11:F13,F14)>0),"",IFERROR(IF(AND(P14<>"",SUMIFS(Cant!$I$2:$I$99,Cant!$M$2:$M$99,P14,Cant!$J$2:$J$99,"43/1.5")+SUMIFS(Cant!$I$2:$I$99,Cant!$M$2:$M$99,P14,Cant!$J$2:$J$99,"24/1.5")>0),SUMIFS(Cant!$I$2:$I$99,Cant!$M$2:$M$99,P14,Cant!$J$2:$J$99,"43/1.5")+SUMIFS(Cant!$I$2:$I$99,Cant!$M$2:$M$99,P14,Cant!$J$2:$J$99,"24/1.5"),""),"")) | R14: =CONCATENATE(F14) | S14: =IF(AND(F14<>"",COUNTIF($F$11:F13,F14)>0),"",IFERROR(IF(AND(R14<>"",SUMIFS(Cant!$I$2:$I$99,Cant!$M$2:$M$99,R14,Cant!$J$2:$J$99,"43/2.0")>0),SUMIFS(Cant!$I$2:$I$99,Cant!$M$2:$M$99,R14,Cant!$J$2:$J$99,"43/2.0"),""),""))
B15: {=IFERROR(_xlfn.SINGLE(INDEX(Deco!$Y$2:$Y$99,_xlfn.AGGREGATE(15,6,ROW(Deco!$Y$2:$Y$99)-ROW(Deco!$Y$2)+1/(Deco!$W$2:$W$99="PAL"),5))),"")} | C15: {=IFERROR( IF(D15="buc", IF(B15<>"", INDEX(Deco!$C$2:$C$99, MATCH(1, (Deco!$Y$2:$Y$99=B15)*(Deco!$W$2:$W$99="PAL"), 0)), ""), IF(AND(B15<>"", INDEX(Deco!$W$2:$W$99, MATCH(1, (Deco!$Y$2:$Y$99=B15)*(Deco!$W$2:$W$99="PAL"), 0))="PAL"), INDEX(Deco!$V$2:$V$99, MATCH(1, (Deco!$Y$2:$Y$99=B15)*(Deco!$W$2:$W$99="PAL"), 0)), "") ), "")} | D15: {=IF(I3="Debitare căntuire", IF(OR(RIGHT(B15,1)={"0","1","2","3","4","5","6","7","8","9"},RIGHT(B15,2)="SM",RIGHT(B15,2)="PM",RIGHT(B15,2)="PG",RIGHT(B15,2)="mm",RIGHT(B15,2)="mp",RIGHT(B15,2)="PA",RIGHT(B15,2)="3D"),"buc","mp"), "mp")} -> mp | F15: {=IFERROR(INDEX(Cant!$M$2:$M$99,_xlfn.AGGREGATE(15,6,(ROW(Cant!$M$2:$M$99)-ROW(Cant!$M$2)+1)/((Cant!$M$2:$M$99<>"")*(COUNTIF($F$10:F14,Cant!$M$2:$M$99)=0)),1)),"")} | G15: =IF(AND(F15<>"",COUNTIF($F$11:F14,F15)>0),"", IFERROR( IF(AND(F15<>"", SUMIFS(Cant!$I$2:$I$99,Cant!$M$2:$M$99,F15,Cant!$J$2:$J$99,"22/0.4") +SUMIFS(Cant!$I$2:$I$99,Cant!$M$2:$M$99,F15,Cant!$J$2:$J$99,"22/0.5")>0), SUMIFS(Cant!$I$2:$I$99,Cant!$M$2:$M$99,F15,Cant!$J$2:$J$99,"22/0.4") +SUMIFS(Cant!$I$2:$I$99,Cant!$M$2:$M$99,F15,Cant!$J$2:$J$99,"22/0.5"), ""), "") ) | H15: =CONCATENATE(F15) | I15: =IF(AND(F15<>"",COUNTIF($F$11:F14,F15)>0),"",IFERROR( IF(AND(H15<>"", SUMIFS(Cant!$I$2:$I$99,Cant!$M$2:$M$99,H15,Cant!$J$2:$J$99,"22/1.0") +SUMIFS(Cant!$I$2:$I$99,Cant!$M$2:$M$99,H15,Cant!$J$2:$J$99,"23/1.0")>0), SUMIFS(Cant!$I$2:$I$99,Cant!$M$2:$M$99,H15,Cant!$J$2:$J$99,"22/1.0") +SUMIFS(Cant!$I$2:$I$99,Cant!$M$2:$M$99,H15,Cant!$J$2:$J$99,"23/1.0"), ""),"")) | J15: =CONCATENATE(F15) | K15: =IF(AND(F15<>"",COUNTIF($F$11:F14,F15)>0),"",IFERROR(IF(AND(J15<>"",SUMIFS(Cant!$I$2:$I$99,Cant!$M$2:$M$99,J15,Cant!$J$2:$J$99,"23/0.8")>0),SUMIFS(Cant!$I$2:$I$99,Cant!$M$2:$M$99,J15,Cant!$J$2:$J$99,"23/0.8"),""),"")) | L15: =CONCATENATE(F15) | M15: =IF(AND(F15<>"",COUNTIF($F$11:F14,F15)>0),"",IFERROR(IF(AND(L15<>"",SUMIFS(Cant!$I$2:$I$99,Cant!$M$2:$M$99,L15,Cant!$J$2:$J$99,"23/2.0")>0),SUMIFS(Cant!$I$2:$I$99,Cant!$M$2:$M$99,L15,Cant!$J$2:$J$99,"23/2.0"),""),"")) | N15: =CONCATENATE(F15) | O15: =IF(AND(F15<>"",COUNTIF($F$11:F14,F15)>0),"",IFERROR(IF(AND(N15<>"",SUMIFS(Cant!$I$2:$I$99,Cant!$M$2:$M$99,N15,Cant!$J$2:$J$99,"43/1.0")+SUMIFS(Cant!$I$2:$I$99,Cant!$M$2:$M$99,N15,Cant!$J$2:$J$99,"43/0.8")+SUMIFS(Cant!$I$2:$I$99,Cant!$M$2:$M$99,N15,Cant!$J$2:$J$99,"42/1.0")>0),SUMIFS(Cant!$I$2:$I$99,Cant!$M$2:$M$99,N15,Cant!$J$2:$J$99,"43/1.0")+SUMIFS(Cant!$I$2:$I$99,Cant!$M$2:$M$99,N15,Cant!$J$2:$J$99,"43/0.8")+SUMIFS(Cant!$I$2:$I$99,Cant!$M$2:$M$99,N15,Cant!$J$2:$J$99,"42/1.0"),""),"")) | P15: =CONCATENATE(F15) | Q15: =IF(AND(F15<>"",COUNTIF($F$11:F14,F15)>0),"",IFERROR(IF(AND(P15<>"",SUMIFS(Cant!$I$2:$I$99,Cant!$M$2:$M$99,P15,Cant!$J$2:$J$99,"43/1.5")+SUMIFS(Cant!$I$2:$I$99,Cant!$M$2:$M$99,P15,Cant!$J$2:$J$99,"24/1.5")>0),SUMIFS(Cant!$I$2:$I$99,Cant!$M$2:$M$99,P15,Cant!$J$2:$J$99,"43/1.5")+SUMIFS(Cant!$I$2:$I$99,Cant!$M$2:$M$99,P15,Cant!$J$2:$J$99,"24/1.5"),""),"")) | R15: =CONCATENATE(F15) | S15: =IF(AND(F15<>"",COUNTIF($F$11:F14,F15)>0),"",IFERROR(IF(AND(R15<>"",SUMIFS(Cant!$I$2:$I$99,Cant!$M$2:$M$99,R15,Cant!$J$2:$J$99,"43/2.0")>0),SUMIFS(Cant!$I$2:$I$99,Cant!$M$2:$M$99,R15,Cant!$J$2:$J$99,"43/2.0"),""),""))
B16: {=IFERROR(_xlfn.SINGLE(INDEX(Deco!$Y$2:$Y$99,_xlfn.AGGREGATE(15,6,ROW(Deco!$Y$2:$Y$99)-ROW(Deco!$Y$2)+1/(Deco!$W$2:$W$99="PAL"),6))),"")} | C16: {=IFERROR( IF(D16="buc", IF(B16<>"", INDEX(Deco!$C$2:$C$99, MATCH(1, (Deco!$Y$2:$Y$99=B16)*(Deco!$W$2:$W$99="PAL"), 0)), ""), IF(AND(B16<>"", INDEX(Deco!$W$2:$W$99, MATCH(1, (Deco!$Y$2:$Y$99=B16)*(Deco!$W$2:$W$99="PAL"), 0))="PAL"), INDEX(Deco!$V$2:$V$99, MATCH(1, (Deco!$Y$2:$Y$99=B16)*(Deco!$W$2:$W$99="PAL"), 0)), "") ), "")} | D16: {=IF(I3="Debitare căntuire", IF(OR(RIGHT(B16,1)={"0","1","2","3","4","5","6","7","8","9"},RIGHT(B16,2)="SM",RIGHT(B16,2)="PM",RIGHT(B16,2)="PG",RIGHT(B16,2)="mm",RIGHT(B16,2)="mp",RIGHT(B16,2)="PA",RIGHT(B16,2)="3D"),"buc","mp"), "mp")} -> mp | F16: {=IFERROR(INDEX(Cant!$M$2:$M$99,_xlfn.AGGREGATE(15,6,(ROW(Cant!$M$2:$M$99)-ROW(Cant!$M$2)+1)/((Cant!$M$2:$M$99<>"")*(COUNTIF($F$10:F15,Cant!$M$2:$M$99)=0)),1)),"")} | G16: =IF(AND(F16<>"",COUNTIF($F$11:F15,F16)>0),"", IFERROR( IF(AND(F16<>"", SUMIFS(Cant!$I$2:$I$99,Cant!$M$2:$M$99,F16,Cant!$J$2:$J$99,"22/0.4") +SUMIFS(Cant!$I$2:$I$99,Cant!$M$2:$M$99,F16,Cant!$J$2:$J$99,"22/0.5")>0), SUMIFS(Cant!$I$2:$I$99,Cant!$M$2:$M$99,F16,Cant!$J$2:$J$99,"22/0.4") +SUMIFS(Cant!$I$2:$I$99,Cant!$M$2:$M$99,F16,Cant!$J$2:$J$99,"22/0.5"), ""), "") ) | H16: =CONCATENATE(F16) | I16: =IF(AND(F16<>"",COUNTIF($F$11:F15,F16)>0),"",IFERROR( IF(AND(H16<>"", SUMIFS(Cant!$I$2:$I$99,Cant!$M$2:$M$99,H16,Cant!$J$2:$J$99,"22/1.0") +SUMIFS(Cant!$I$2:$I$99,Cant!$M$2:$M$99,H16,Cant!$J$2:$J$99,"23/1.0")>0), SUMIFS(Cant!$I$2:$I$99,Cant!$M$2:$M$99,H16,Cant!$J$2:$J$99,"22/1.0") +SUMIFS(Cant!$I$2:$I$99,Cant!$M$2:$M$99,H16,Cant!$J$2:$J$99,"23/1.0"), ""),"")) | J16: =CONCATENATE(F16) | K16: =IF(AND(F16<>"",COUNTIF($F$11:F15,F16)>0),"",IFERROR(IF(AND(J16<>"",SUMIFS(Cant!$I$2:$I$99,Cant!$M$2:$M$99,J16,Cant!$J$2:$J$99,"23/0.8")>0),SUMIFS(Cant!$I$2:$I$99,Cant!$M$2:$M$99,J16,Cant!$J$2:$J$99,"23/0.8"),""),"")) | L16: =CONCATENATE(F16) | M16: =IF(AND(F16<>"",COUNTIF($F$11:F15,F16)>0),"",IFERROR(IF(AND(L16<>"",SUMIFS(Cant!$I$2:$I$99,Cant!$M$2:$M$99,L16,Cant!$J$2:$J$99,"23/2.0")>0),SUMIFS(Cant!$I$2:$I$99,Cant!$M$2:$M$99,L16,Cant!$J$2:$J$99,"23/2.0"),""),"")) | N16: =CONCATENATE(F16) | O16: =IF(AND(F16<>"",COUNTIF($F$11:F15,F16)>0),"",IFERROR(IF(AND(N16<>"",SUMIFS(Cant!$I$2:$I$99,Cant!$M$2:$M$99,N16,Cant!$J$2:$J$99,"43/1.0")+SUMIFS(Cant!$I$2:$I$99,Cant!$M$2:$M$99,N16,Cant!$J$2:$J$99,"43/0.8")+SUMIFS(Cant!$I$2:$I$99,Cant!$M$2:$M$99,N16,Cant!$J$2:$J$99,"42/1.0")>0),SUMIFS(Cant!$I$2:$I$99,Cant!$M$2:$M$99,N16,Cant!$J$2:$J$99,"43/1.0")+SUMIFS(Cant!$I$2:$I$99,Cant!$M$2:$M$99,N16,Cant!$J$2:$J$99,"43/0.8")+SUMIFS(Cant!$I$2:$I$99,Cant!$M$2:$M$99,N16,Cant!$J$2:$J$99,"42/1.0"),""),"")) | P16: =CONCATENATE(F16) | Q16: =IF(AND(F16<>"",COUNTIF($F$11:F15,F16)>0),"",IFERROR(IF(AND(P16<>"",SUMIFS(Cant!$I$2:$I$99,Cant!$M$2:$M$99,P16,Cant!$J$2:$J$99,"43/1.5")+SUMIFS(Cant!$I$2:$I$99,Cant!$M$2:$M$99,P16,Cant!$J$2:$J$99,"24/1.5")>0),SUMIFS(Cant!$I$2:$I$99,Cant!$M$2:$M$99,P16,Cant!$J$2:$J$99,"43/1.5")+SUMIFS(Cant!$I$2:$I$99,Cant!$M$2:$M$99,P16,Cant!$J$2:$J$99,"24/1.5"),""),"")) | R16: =CONCATENATE(F16) | S16: =IF(AND(F16<>"",COUNTIF($F$11:F15,F16)>0),"",IFERROR(IF(AND(R16<>"",SUMIFS(Cant!$I$2:$I$99,Cant!$M$2:$M$99,R16,Cant!$J$2:$J$99,"43/2.0")>0),SUMIFS(Cant!$I$2:$I$99,Cant!$M$2:$M$99,R16,Cant!$J$2:$J$99,"43/2.0"),""),""))
B17: {=IFERROR(_xlfn.SINGLE(INDEX(Deco!$Y$2:$Y$99,_xlfn.AGGREGATE(15,6,ROW(Deco!$Y$2:$Y$99)-ROW(Deco!$Y$2)+1/(Deco!$W$2:$W$99="PAL"),7))),"")} | C17: {=IFERROR( IF(D17="buc", IF(B17<>"", INDEX(Deco!$C$2:$C$99, MATCH(1, (Deco!$Y$2:$Y$99=B17)*(Deco!$W$2:$W$99="PAL"), 0)), ""), IF(AND(B17<>"", INDEX(Deco!$W$2:$W$99, MATCH(1, (Deco!$Y$2:$Y$99=B17)*(Deco!$W$2:$W$99="PAL"), 0))="PAL"), INDEX(Deco!$V$2:$V$99, MATCH(1, (Deco!$Y$2:$Y$99=B17)*(Deco!$W$2:$W$99="PAL"), 0)), "") ), "")} | D17: {=IF(I3="Debitare căntuire", IF(OR(RIGHT(B17,1)={"0","1","2","3","4","5","6","7","8","9"},RIGHT(B17,2)="SM",RIGHT(B17,2)="PM",RIGHT(B17,2)="PG",RIGHT(B17,2)="mm",RIGHT(B17,2)="mp",RIGHT(B17,2)="PA",RIGHT(B17,2)="3D"),"buc","mp"), "mp")} -> mp | F17: {=IFERROR(INDEX(Cant!$M$2:$M$99,_xlfn.AGGREGATE(15,6,(ROW(Cant!$M$2:$M$99)-ROW(Cant!$M$2)+1)/((Cant!$M$2:$M$99<>"")*(COUNTIF($F$10:F16,Cant!$M$2:$M$99)=0)),1)),"")} | G17: =IF(AND(F17<>"",COUNTIF($F$11:F16,F17)>0),"", IFERROR( IF(AND(F17<>"", SUMIFS(Cant!$I$2:$I$99,Cant!$M$2:$M$99,F17,Cant!$J$2:$J$99,"22/0.4") +SUMIFS(Cant!$I$2:$I$99,Cant!$M$2:$M$99,F17,Cant!$J$2:$J$99,"22/0.5")>0), SUMIFS(Cant!$I$2:$I$99,Cant!$M$2:$M$99,F17,Cant!$J$2:$J$99,"22/0.4") +SUMIFS(Cant!$I$2:$I$99,Cant!$M$2:$M$99,F17,Cant!$J$2:$J$99,"22/0.5"), ""), "") ) | H17: =CONCATENATE(F17) | I17: =IF(AND(F17<>"",COUNTIF($F$11:F16,F17)>0),"",IFERROR( IF(AND(H17<>"", SUMIFS(Cant!$I$2:$I$99,Cant!$M$2:$M$99,H17,Cant!$J$2:$J$99,"22/1.0") +SUMIFS(Cant!$I$2:$I$99,Cant!$M$2:$M$99,H17,Cant!$J$2:$J$99,"23/1.0")>0), SUMIFS(Cant!$I$2:$I$99,Cant!$M$2:$M$99,H17,Cant!$J$2:$J$99,"22/1.0") +SUMIFS(Cant!$I$2:$I$99,Cant!$M$2:$M$99,H17,Cant!$J$2:$J$99,"23/1.0"), ""),"")) | J17: =CONCATENATE(F17) | K17: =IF(AND(F17<>"",COUNTIF($F$11:F16,F17)>0),"",IFERROR(IF(AND(J17<>"",SUMIFS(Cant!$I$2:$I$99,Cant!$M$2:$M$99,J17,Cant!$J$2:$J$99,"23/0.8")>0),SUMIFS(Cant!$I$2:$I$99,Cant!$M$2:$M$99,J17,Cant!$J$2:$J$99,"23/0.8"),""),"")) | L17: =CONCATENATE(F17) | M17: =IF(AND(F17<>"",COUNTIF($F$11:F16,F17)>0),"",IFERROR(IF(AND(L17<>"",SUMIFS(Cant!$I$2:$I$99,Cant!$M$2:$M$99,L17,Cant!$J$2:$J$99,"23/2.0")>0),SUMIFS(Cant!$I$2:$I$99,Cant!$M$2:$M$99,L17,Cant!$J$2:$J$99,"23/2.0"),""),"")) | N17: =CONCATENATE(F17) | O17: =IF(AND(F17<>"",COUNTIF($F$11:F16,F17)>0),"",IFERROR(IF(AND(N17<>"",SUMIFS(Cant!$I$2:$I$99,Cant!$M$2:$M$99,N17,Cant!$J$2:$J$99,"43/1.0")+SUMIFS(Cant!$I$2:$I$99,Cant!$M$2:$M$99,N17,Cant!$J$2:$J$99,"43/0.8")+SUMIFS(Cant!$I$2:$I$99,Cant!$M$2:$M$99,N17,Cant!$J$2:$J$99,"42/1.0")>0),SUMIFS(Cant!$I$2:$I$99,Cant!$M$2:$M$99,N17,Cant!$J$2:$J$99,"43/1.0")+SUMIFS(Cant!$I$2:$I$99,Cant!$M$2:$M$99,N17,Cant!$J$2:$J$99,"43/0.8")+SUMIFS(Cant!$I$2:$I$99,Cant!$M$2:$M$99,N17,Cant!$J$2:$J$99,"42/1.0"),""),"")) | P17: =CONCATENATE(F17) | Q17: =IF(AND(F17<>"",COUNTIF($F$11:F16,F17)>0),"",IFERROR(IF(AND(P17<>"",SUMIFS(Cant!$I$2:$I$99,Cant!$M$2:$M$99,P17,Cant!$J$2:$J$99,"43/1.5")+SUMIFS(Cant!$I$2:$I$99,Cant!$M$2:$M$99,P17,Cant!$J$2:$J$99,"24/1.5")>0),SUMIFS(Cant!$I$2:$I$99,Cant!$M$2:$M$99,P17,Cant!$J$2:$J$99,"43/1.5")+SUMIFS(Cant!$I$2:$I$99,Cant!$M$2:$M$99,P17,Cant!$J$2:$J$99,"24/1.5"),""),"")) | R17: =CONCATENATE(F17) | S17: =IF(AND(F17<>"",COUNTIF($F$11:F16,F17)>0),"",IFERROR(IF(AND(R17<>"",SUMIFS(Cant!$I$2:$I$99,Cant!$M$2:$M$99,R17,Cant!$J$2:$J$99,"43/2.0")>0),SUMIFS(Cant!$I$2:$I$99,Cant!$M$2:$M$99,R17,Cant!$J$2:$J$99,"43/2.0"),""),""))
B18: {=IFERROR(_xlfn.SINGLE(INDEX(Deco!$Y$2:$Y$99,_xlfn.AGGREGATE(15,6,ROW(Deco!$Y$2:$Y$99)-ROW(Deco!$Y$2)+1/(Deco!$W$2:$W$99="PAL"),8))),"")} | C18: {=IFERROR( IF(D18="buc", IF(B18<>"", INDEX(Deco!$C$2:$C$99, MATCH(1, (Deco!$Y$2:$Y$99=B18)*(Deco!$W$2:$W$99="PAL"), 0)), ""), IF(AND(B18<>"", INDEX(Deco!$W$2:$W$99, MATCH(1, (Deco!$Y$2:$Y$99=B18)*(Deco!$W$2:$W$99="PAL"), 0))="PAL"), INDEX(Deco!$V$2:$V$99, MATCH(1, (Deco!$Y$2:$Y$99=B18)*(Deco!$W$2:$W$99="PAL"), 0)), "") ), "")} | D18: {=IF(I3="Debitare căntuire", IF(OR(RIGHT(B18,1)={"0","1","2","3","4","5","6","7","8","9"},RIGHT(B18,2)="SM",RIGHT(B18,2)="PM",RIGHT(B18,2)="PG",RIGHT(B18,2)="mm",RIGHT(B18,2)="mp",RIGHT(B18,2)="PA",RIGHT(B18,2)="3D"),"buc","mp"), "mp")} -> mp | F18: {=IFERROR(INDEX(Cant!$M$2:$M$99,_xlfn.AGGREGATE(15,6,(ROW(Cant!$M$2:$M$99)-ROW(Cant!$M$2)+1)/((Cant!$M$2:$M$99<>"")*(COUNTIF($F$10:F17,Cant!$M$2:$M$99)=0)),1)),"")} | G18: =IF(AND(F18<>"",COUNTIF($F$11:F17,F18)>0),"", IFERROR( IF(AND(F18<>"", SUMIFS(Cant!$I$2:$I$99,Cant!$M$2:$M$99,F18,Cant!$J$2:$J$99,"22/0.4") +SUMIFS(Cant!$I$2:$I$99,Cant!$M$2:$M$99,F18,Cant!$J$2:$J$99,"22/0.5")>0), SUMIFS(Cant!$I$2:$I$99,Cant!$M$2:$M$99,F18,Cant!$J$2:$J$99,"22/0.4") +SUMIFS(Cant!$I$2:$I$99,Cant!$M$2:$M$99,F18,Cant!$J$2:$J$99,"22/0.5"), ""), "") ) | H18: =CONCATENATE(F18) | I18: =IF(AND(F18<>"",COUNTIF($F$11:F17,F18)>0),"",IFERROR( IF(AND(H18<>"", SUMIFS(Cant!$I$2:$I$99,Cant!$M$2:$M$99,H18,Cant!$J$2:$J$99,"22/1.0") +SUMIFS(Cant!$I$2:$I$99,Cant!$M$2:$M$99,H18,Cant!$J$2:$J$99,"23/1.0")>0), SUMIFS(Cant!$I$2:$I$99,Cant!$M$2:$M$99,H18,Cant!$J$2:$J$99,"22/1.0") +SUMIFS(Cant!$I$2:$I$99,Cant!$M$2:$M$99,H18,Cant!$J$2:$J$99,"23/1.0"), ""),"")) | J18: =CONCATENATE(F18) | K18: =IF(AND(F18<>"",COUNTIF($F$11:F17,F18)>0),"",IFERROR(IF(AND(J18<>"",SUMIFS(Cant!$I$2:$I$99,Cant!$M$2:$M$99,J18,Cant!$J$2:$J$99,"23/0.8")>0),SUMIFS(Cant!$I$2:$I$99,Cant!$M$2:$M$99,J18,Cant!$J$2:$J$99,"23/0.8"),""),"")) | L18: =CONCATENATE(F18) | M18: =IF(AND(F18<>"",COUNTIF($F$11:F17,F18)>0),"",IFERROR(IF(AND(L18<>"",SUMIFS(Cant!$I$2:$I$99,Cant!$M$2:$M$99,L18,Cant!$J$2:$J$99,"23/2.0")>0),SUMIFS(Cant!$I$2:$I$99,Cant!$M$2:$M$99,L18,Cant!$J$2:$J$99,"23/2.0"),""),"")) | N18: =CONCATENATE(F18) | O18: =IF(AND(F18<>"",COUNTIF($F$11:F17,F18)>0),"",IFERROR(IF(AND(N18<>"",SUMIFS(Cant!$I$2:$I$99,Cant!$M$2:$M$99,N18,Cant!$J$2:$J$99,"43/1.0")+SUMIFS(Cant!$I$2:$I$99,Cant!$M$2:$M$99,N18,Cant!$J$2:$J$99,"43/0.8")+SUMIFS(Cant!$I$2:$I$99,Cant!$M$2:$M$99,N18,Cant!$J$2:$J$99,"42/1.0")>0),SUMIFS(Cant!$I$2:$I$99,Cant!$M$2:$M$99,N18,Cant!$J$2:$J$99,"43/1.0")+SUMIFS(Cant!$I$2:$I$99,Cant!$M$2:$M$99,N18,Cant!$J$2:$J$99,"43/0.8")+SUMIFS(Cant!$I$2:$I$99,Cant!$M$2:$M$99,N18,Cant!$J$2:$J$99,"42/1.0"),""),"")) | P18: =CONCATENATE(F18) | Q18: =IF(AND(F18<>"",COUNTIF($F$11:F17,F18)>0),"",IFERROR(IF(AND(P18<>"",SUMIFS(Cant!$I$2:$I$99,Cant!$M$2:$M$99,P18,Cant!$J$2:$J$99,"43/1.5")+SUMIFS(Cant!$I$2:$I$99,Cant!$M$2:$M$99,P18,Cant!$J$2:$J$99,"24/1.5")>0),SUMIFS(Cant!$I$2:$I$99,Cant!$M$2:$M$99,P18,Cant!$J$2:$J$99,"43/1.5")+SUMIFS(Cant!$I$2:$I$99,Cant!$M$2:$M$99,P18,Cant!$J$2:$J$99,"24/1.5"),""),"")) | R18: =CONCATENATE(F18) | S18: =IF(AND(F18<>"",COUNTIF($F$11:F17,F18)>0),"",IFERROR(IF(AND(R18<>"",SUMIFS(Cant!$I$2:$I$99,Cant!$M$2:$M$99,R18,Cant!$J$2:$J$99,"43/2.0")>0),SUMIFS(Cant!$I$2:$I$99,Cant!$M$2:$M$99,R18,Cant!$J$2:$J$99,"43/2.0"),""),""))
B19: {=IFERROR(_xlfn.SINGLE(INDEX(Deco!$Y$2:$Y$99,_xlfn.AGGREGATE(15,6,ROW(Deco!$Y$2:$Y$99)-ROW(Deco!$Y$2)+1/(Deco!$W$2:$W$99="PAL"),9))),"")} | C19: {=IFERROR( IF(D19="buc", IF(B19<>"", INDEX(Deco!$C$2:$C$99, MATCH(1, (Deco!$Y$2:$Y$99=B19)*(Deco!$W$2:$W$99="PAL"), 0)), ""), IF(AND(B19<>"", INDEX(Deco!$W$2:$W$99, MATCH(1, (Deco!$Y$2:$Y$99=B19)*(Deco!$W$2:$W$99="PAL"), 0))="PAL"), INDEX(Deco!$V$2:$V$99, MATCH(1, (Deco!$Y$2:$Y$99=B19)*(Deco!$W$2:$W$99="PAL"), 0)), "") ), "")} | D19: {=IF(I3="Debitare căntuire", IF(OR(RIGHT(B19,1)={"0","1","2","3","4","5","6","7","8","9"},RIGHT(B19,2)="SM",RIGHT(B19,2)="PM",RIGHT(B19,2)="PG",RIGHT(B19,2)="mm",RIGHT(B19,2)="mp",,RIGHT(B19,2)="PA",RIGHT(B19,2)="3D"),"buc","mp"), "mp")} -> mp | F19: {=IFERROR(INDEX(Cant!$M$2:$M$99,_xlfn.AGGREGATE(15,6,(ROW(Cant!$M$2:$M$99)-ROW(Cant!$M$2)+1)/((Cant!$M$2:$M$99<>"")*(COUNTIF($F$10:F18,Cant!$M$2:$M$99)=0)),1)),"")} | G19: =IF(AND(F19<>"",COUNTIF($F$11:F18,F19)>0),"", IFERROR( IF(AND(F19<>"", SUMIFS(Cant!$I$2:$I$99,Cant!$M$2:$M$99,F19,Cant!$J$2:$J$99,"22/0.4") +SUMIFS(Cant!$I$2:$I$99,Cant!$M$2:$M$99,F19,Cant!$J$2:$J$99,"22/0.5")>0), SUMIFS(Cant!$I$2:$I$99,Cant!$M$2:$M$99,F19,Cant!$J$2:$J$99,"22/0.4") +SUMIFS(Cant!$I$2:$I$99,Cant!$M$2:$M$99,F19,Cant!$J$2:$J$99,"22/0.5"), ""), "") ) | H19: =CONCATENATE(F19) | I19: =IF(AND(F19<>"",COUNTIF($F$11:F18,F19)>0),"",IFERROR( IF(AND(H19<>"", SUMIFS(Cant!$I$2:$I$99,Cant!$M$2:$M$99,H19,Cant!$J$2:$J$99,"22/1.0") +SUMIFS(Cant!$I$2:$I$99,Cant!$M$2:$M$99,H19,Cant!$J$2:$J$99,"23/1.0")>0), SUMIFS(Cant!$I$2:$I$99,Cant!$M$2:$M$99,H19,Cant!$J$2:$J$99,"22/1.0") +SUMIFS(Cant!$I$2:$I$99,Cant!$M$2:$M$99,H19,Cant!$J$2:$J$99,"23/1.0"), ""),"")) | J19: =CONCATENATE(F19) | K19: =IF(AND(F19<>"",COUNTIF($F$11:F18,F19)>0),"",IFERROR(IF(AND(J19<>"",SUMIFS(Cant!$I$2:$I$99,Cant!$M$2:$M$99,J19,Cant!$J$2:$J$99,"23/0.8")>0),SUMIFS(Cant!$I$2:$I$99,Cant!$M$2:$M$99,J19,Cant!$J$2:$J$99,"23/0.8"),""),"")) | L19: =CONCATENATE(F19) | M19: =IF(AND(F19<>"",COUNTIF($F$11:F18,F19)>0),"",IFERROR(IF(AND(L19<>"",SUMIFS(Cant!$I$2:$I$99,Cant!$M$2:$M$99,L19,Cant!$J$2:$J$99,"23/2.0")>0),SUMIFS(Cant!$I$2:$I$99,Cant!$M$2:$M$99,L19,Cant!$J$2:$J$99,"23/2.0"),""),"")) | N19: =CONCATENATE(F19) | O19: =IF(AND(F19<>"",COUNTIF($F$11:F18,F19)>0),"",IFERROR(IF(AND(N19<>"",SUMIFS(Cant!$I$2:$I$99,Cant!$M$2:$M$99,N19,Cant!$J$2:$J$99,"43/1.0")+SUMIFS(Cant!$I$2:$I$99,Cant!$M$2:$M$99,N19,Cant!$J$2:$J$99,"43/0.8")+SUMIFS(Cant!$I$2:$I$99,Cant!$M$2:$M$99,N19,Cant!$J$2:$J$99,"42/1.0")>0),SUMIFS(Cant!$I$2:$I$99,Cant!$M$2:$M$99,N19,Cant!$J$2:$J$99,"43/1.0")+SUMIFS(Cant!$I$2:$I$99,Cant!$M$2:$M$99,N19,Cant!$J$2:$J$99,"43/0.8")+SUMIFS(Cant!$I$2:$I$99,Cant!$M$2:$M$99,N19,Cant!$J$2:$J$99,"42/1.0"),""),"")) | P19: =CONCATENATE(F19) | Q19: =IF(AND(F19<>"",COUNTIF($F$11:F18,F19)>0),"",IFERROR(IF(AND(P19<>"",SUMIFS(Cant!$I$2:$I$99,Cant!$M$2:$M$99,P19,Cant!$J$2:$J$99,"43/1.5")+SUMIFS(Cant!$I$2:$I$99,Cant!$M$2:$M$99,P19,Cant!$J$2:$J$99,"24/1.5")>0),SUMIFS(Cant!$I$2:$I$99,Cant!$M$2:$M$99,P19,Cant!$J$2:$J$99,"43/1.5")+SUMIFS(Cant!$I$2:$I$99,Cant!$M$2:$M$99,P19,Cant!$J$2:$J$99,"24/1.5"),""),"")) | R19: =CONCATENATE(F19) | S19: =IF(AND(F19<>"",COUNTIF($F$11:F18,F19)>0),"",IFERROR(IF(AND(R19<>"",SUMIFS(Cant!$I$2:$I$99,Cant!$M$2:$M$99,R19,Cant!$J$2:$J$99,"43/2.0")>0),SUMIFS(Cant!$I$2:$I$99,Cant!$M$2:$M$99,R19,Cant!$J$2:$J$99,"43/2.0"),""),""))
B20: {=IFERROR(_xlfn.SINGLE(INDEX(Deco!$Y$2:$Y$99,_xlfn.AGGREGATE(15,6,ROW(Deco!$Y$2:$Y$99)-ROW(Deco!$Y$2)+1/(Deco!$W$2:$W$99="PAL"),10))),"")} | C20: {=IFERROR( IF(D20="buc", IF(B20<>"", INDEX(Deco!$C$2:$C$99, MATCH(1, (Deco!$Y$2:$Y$99=B20)*(Deco!$W$2:$W$99="PAL"), 0)), ""), IF(AND(B20<>"", INDEX(Deco!$W$2:$W$99, MATCH(1, (Deco!$Y$2:$Y$99=B20)*(Deco!$W$2:$W$99="PAL"), 0))="PAL"), INDEX(Deco!$V$2:$V$99, MATCH(1, (Deco!$Y$2:$Y$99=B20)*(Deco!$W$2:$W$99="PAL"), 0)), "") ), "")} | D20: {=IF(I3="Debitare căntuire", IF(OR(RIGHT(B20,1)={"0","1","2","3","4","5","6","7","8","9"},RIGHT(B20,2)="SM",RIGHT(B20,2)="PM",RIGHT(B20,2)="PG",RIGHT(B20,2)="mm",RIGHT(B20,2)="mp",RIGHT(B20,2)="PA",RIGHT(B20,2)="3D"),"buc","mp"), "mp")} -> mp | F20: {=IFERROR(INDEX(Cant!$M$2:$M$99,_xlfn.AGGREGATE(15,6,(ROW(Cant!$M$2:$M$99)-ROW(Cant!$M$2)+1)/((Cant!$M$2:$M$99<>"")*(COUNTIF($F$10:F19,Cant!$M$2:$M$99)=0)),1)),"")} | G20: =IF(AND(F20<>"",COUNTIF($F$11:F19,F20)>0),"", IFERROR( IF(AND(F20<>"", SUMIFS(Cant!$I$2:$I$99,Cant!$M$2:$M$99,F20,Cant!$J$2:$J$99,"22/0.4") +SUMIFS(Cant!$I$2:$I$99,Cant!$M$2:$M$99,F20,Cant!$J$2:$J$99,"22/0.5")>0), SUMIFS(Cant!$I$2:$I$99,Cant!$M$2:$M$99,F20,Cant!$J$2:$J$99,"22/0.4") +SUMIFS(Cant!$I$2:$I$99,Cant!$M$2:$M$99,F20,Cant!$J$2:$J$99,"22/0.5"), ""), "") ) | H20: =CONCATENATE(F20) | I20: =IF(AND(F20<>"",COUNTIF($F$11:F19,F20)>0),"",IFERROR( IF(AND(H20<>"", SUMIFS(Cant!$I$2:$I$99,Cant!$M$2:$M$99,H20,Cant!$J$2:$J$99,"22/1.0") +SUMIFS(Cant!$I$2:$I$99,Cant!$M$2:$M$99,H20,Cant!$J$2:$J$99,"23/1.0")>0), SUMIFS(Cant!$I$2:$I$99,Cant!$M$2:$M$99,H20,Cant!$J$2:$J$99,"22/1.0") +SUMIFS(Cant!$I$2:$I$99,Cant!$M$2:$M$99,H20,Cant!$J$2:$J$99,"23/1.0"), ""),"")) | J20: =CONCATENATE(F20) | K20: =IF(AND(F20<>"",COUNTIF($F$11:F19,F20)>0),"",IFERROR(IF(AND(J20<>"",SUMIFS(Cant!$I$2:$I$99,Cant!$M$2:$M$99,J20,Cant!$J$2:$J$99,"23/0.8")>0),SUMIFS(Cant!$I$2:$I$99,Cant!$M$2:$M$99,J20,Cant!$J$2:$J$99,"23/0.8"),""),"")) | L20: =CONCATENATE(F20) | M20: =IF(AND(F20<>"",COUNTIF($F$11:F19,F20)>0),"",IFERROR(IF(AND(L20<>"",SUMIFS(Cant!$I$2:$I$99,Cant!$M$2:$M$99,L20,Cant!$J$2:$J$99,"23/2.0")>0),SUMIFS(Cant!$I$2:$I$99,Cant!$M$2:$M$99,L20,Cant!$J$2:$J$99,"23/2.0"),""),"")) | N20: =CONCATENATE(F20) | O20: =IF(AND(F20<>"",COUNTIF($F$11:F19,F20)>0),"",IFERROR(IF(AND(N20<>"",SUMIFS(Cant!$I$2:$I$99,Cant!$M$2:$M$99,N20,Cant!$J$2:$J$99,"43/1.0")+SUMIFS(Cant!$I$2:$I$99,Cant!$M$2:$M$99,N20,Cant!$J$2:$J$99,"43/0.8")+SUMIFS(Cant!$I$2:$I$99,Cant!$M$2:$M$99,N20,Cant!$J$2:$J$99,"42/1.0")>0),SUMIFS(Cant!$I$2:$I$99,Cant!$M$2:$M$99,N20,Cant!$J$2:$J$99,"43/1.0")+SUMIFS(Cant!$I$2:$I$99,Cant!$M$2:$M$99,N20,Cant!$J$2:$J$99,"43/0.8")+SUMIFS(Cant!$I$2:$I$99,Cant!$M$2:$M$99,N20,Cant!$J$2:$J$99,"42/1.0"),""),"")) | P20: =CONCATENATE(F20) | Q20: =IF(AND(F20<>"",COUNTIF($F$11:F19,F20)>0),"",IFERROR(IF(AND(P20<>"",SUMIFS(Cant!$I$2:$I$99,Cant!$M$2:$M$99,P20,Cant!$J$2:$J$99,"43/1.5")+SUMIFS(Cant!$I$2:$I$99,Cant!$M$2:$M$99,P20,Cant!$J$2:$J$99,"24/1.5")>0),SUMIFS(Cant!$I$2:$I$99,Cant!$M$2:$M$99,P20,Cant!$J$2:$J$99,"43/1.5")+SUMIFS(Cant!$I$2:$I$99,Cant!$M$2:$M$99,P20,Cant!$J$2:$J$99,"24/1.5"),""),"")) | R20: =CONCATENATE(F20) | S20: =IF(AND(F20<>"",COUNTIF($F$11:F19,F20)>0),"",IFERROR(IF(AND(R20<>"",SUMIFS(Cant!$I$2:$I$99,Cant!$M$2:$M$99,R20,Cant!$J$2:$J$99,"43/2.0")>0),SUMIFS(Cant!$I$2:$I$99,Cant!$M$2:$M$99,R20,Cant!$J$2:$J$99,"43/2.0"),""),""))
B21: {=IFERROR(_xlfn.SINGLE(INDEX(Deco!$Y$2:$Y$99,_xlfn.AGGREGATE(15,6,ROW(Deco!$Y$2:$Y$99)-ROW(Deco!$Y$2)+1/(Deco!$W$2:$W$99="PAL"),11))),"")} | C21: {=IFERROR( IF(D21="buc", IF(B21<>"", INDEX(Deco!$C$2:$C$99, MATCH(1, (Deco!$Y$2:$Y$99=B21)*(Deco!$W$2:$W$99="PAL"), 0)), ""), IF(AND(B21<>"", INDEX(Deco!$W$2:$W$99, MATCH(1, (Deco!$Y$2:$Y$99=B21)*(Deco!$W$2:$W$99="PAL"), 0))="PAL"), INDEX(Deco!$V$2:$V$99, MATCH(1, (Deco!$Y$2:$Y$99=B21)*(Deco!$W$2:$W$99="PAL"), 0)), "") ), "")} | D21: {=IF(I3="Debitare căntuire", IF(OR(RIGHT(B21,1)={"0","1","2","3","4","5","6","7","8","9"},RIGHT(B21,2)="SM",RIGHT(B21,2)="PM",RIGHT(B21,2)="PG",RIGHT(B21,2)="mm",RIGHT(B21,2)="mp",RIGHT(B21,2)="PA",RIGHT(B21,2)="3D"),"buc","mp"), "mp")} -> mp | F21: {=IFERROR(INDEX(Cant!$M$2:$M$99,_xlfn.AGGREGATE(15,6,(ROW(Cant!$M$2:$M$99)-ROW(Cant!$M$2)+1)/((Cant!$M$2:$M$99<>"")*(COUNTIF($F$10:F20,Cant!$M$2:$M$99)=0)),1)),"")} | G21: =IF(AND(F21<>"",COUNTIF($F$11:F20,F21)>0),"", IFERROR( IF(AND(F21<>"", SUMIFS(Cant!$I$2:$I$99,Cant!$M$2:$M$99,F21,Cant!$J$2:$J$99,"22/0.4") +SUMIFS(Cant!$I$2:$I$99,Cant!$M$2:$M$99,F21,Cant!$J$2:$J$99,"22/0.5")>0), SUMIFS(Cant!$I$2:$I$99,Cant!$M$2:$M$99,F21,Cant!$J$2:$J$99,"22/0.4") +SUMIFS(Cant!$I$2:$I$99,Cant!$M$2:$M$99,F21,Cant!$J$2:$J$99,"22/0.5"), ""), "") ) | H21: =CONCATENATE(F21) | I21: =IF(AND(F21<>"",COUNTIF($F$11:F20,F21)>0),"",IFERROR( IF(AND(H21<>"", SUMIFS(Cant!$I$2:$I$99,Cant!$M$2:$M$99,H21,Cant!$J$2:$J$99,"22/1.0") +SUMIFS(Cant!$I$2:$I$99,Cant!$M$2:$M$99,H21,Cant!$J$2:$J$99,"23/1.0")>0), SUMIFS(Cant!$I$2:$I$99,Cant!$M$2:$M$99,H21,Cant!$J$2:$J$99,"22/1.0") +SUMIFS(Cant!$I$2:$I$99,Cant!$M$2:$M$99,H21,Cant!$J$2:$J$99,"23/1.0"), ""),"")) | J21: =CONCATENATE(F21) | K21: =IF(AND(F21<>"",COUNTIF($F$11:F20,F21)>0),"",IFERROR(IF(AND(J21<>"",SUMIFS(Cant!$I$2:$I$99,Cant!$M$2:$M$99,J21,Cant!$J$2:$J$99,"23/0.8")>0),SUMIFS(Cant!$I$2:$I$99,Cant!$M$2:$M$99,J21,Cant!$J$2:$J$99,"23/0.8"),""),"")) | L21: =CONCATENATE(F21) | M21: =IF(AND(F21<>"",COUNTIF($F$11:F20,F21)>0),"",IFERROR(IF(AND(L21<>"",SUMIFS(Cant!$I$2:$I$99,Cant!$M$2:$M$99,L21,Cant!$J$2:$J$99,"23/2.0")>0),SUMIFS(Cant!$I$2:$I$99,Cant!$M$2:$M$99,L21,Cant!$J$2:$J$99,"23/2.0"),""),"")) | N21: =CONCATENATE(F21) | O21: =IF(AND(F21<>"",COUNTIF($F$11:F20,F21)>0),"",IFERROR(IF(AND(N21<>"",SUMIFS(Cant!$I$2:$I$99,Cant!$M$2:$M$99,N21,Cant!$J$2:$J$99,"43/1.0")+SUMIFS(Cant!$I$2:$I$99,Cant!$M$2:$M$99,N21,Cant!$J$2:$J$99,"43/0.8")+SUMIFS(Cant!$I$2:$I$99,Cant!$M$2:$M$99,N21,Cant!$J$2:$J$99,"42/1.0")>0),SUMIFS(Cant!$I$2:$I$99,Cant!$M$2:$M$99,N21,Cant!$J$2:$J$99,"43/1.0")+SUMIFS(Cant!$I$2:$I$99,Cant!$M$2:$M$99,N21,Cant!$J$2:$J$99,"43/0.8")+SUMIFS(Cant!$I$2:$I$99,Cant!$M$2:$M$99,N21,Cant!$J$2:$J$99,"42/1.0"),""),"")) | P21: =CONCATENATE(F21) | Q21: =IF(AND(F21<>"",COUNTIF($F$11:F20,F21)>0),"",IFERROR(IF(AND(P21<>"",SUMIFS(Cant!$I$2:$I$99,Cant!$M$2:$M$99,P21,Cant!$J$2:$J$99,"43/1.5")+SUMIFS(Cant!$I$2:$I$99,Cant!$M$2:$M$99,P21,Cant!$J$2:$J$99,"24/1.5")>0),SUMIFS(Cant!$I$2:$I$99,Cant!$M$2:$M$99,P21,Cant!$J$2:$J$99,"43/1.5")+SUMIFS(Cant!$I$2:$I$99,Cant!$M$2:$M$99,P21,Cant!$J$2:$J$99,"24/1.5"),""),"")) | R21: =CONCATENATE(F21) | S21: =IF(AND(F21<>"",COUNTIF($F$11:F20,F21)>0),"",IFERROR(IF(AND(R21<>"",SUMIFS(Cant!$I$2:$I$99,Cant!$M$2:$M$99,R21,Cant!$J$2:$J$99,"43/2.0")>0),SUMIFS(Cant!$I$2:$I$99,Cant!$M$2:$M$99,R21,Cant!$J$2:$J$99,"43/2.0"),""),""))
B22: {=IFERROR(_xlfn.SINGLE(INDEX(Deco!$Y$2:$Y$99,_xlfn.AGGREGATE(15,6,ROW(Deco!$Y$2:$Y$99)-ROW(Deco!$Y$2)+1/(Deco!$W$2:$W$99="PAL"),12))),"")} | C22: {=IFERROR( IF(D22="buc", IF(B22<>"", INDEX(Deco!$C$2:$C$99, MATCH(1, (Deco!$Y$2:$Y$99=B22)*(Deco!$W$2:$W$99="PAL"), 0)), ""), IF(AND(B22<>"", INDEX(Deco!$W$2:$W$99, MATCH(1, (Deco!$Y$2:$Y$99=B22)*(Deco!$W$2:$W$99="PAL"), 0))="PAL"), INDEX(Deco!$V$2:$V$99, MATCH(1, (Deco!$Y$2:$Y$99=B22)*(Deco!$W$2:$W$99="PAL"), 0)), "") ), "")} | D22: {=IF(I3="Debitare căntuire", IF(OR(RIGHT(B22,1)={"0","1","2","3","4","5","6","7","8","9"},RIGHT(B22,2)="SM",RIGHT(B22,2)="PM",RIGHT(B22,2)="PG",RIGHT(B22,2)="mm",RIGHT(B22,2)="mp",RIGHT(B22,2)="PA",RIGHT(B22,2)="3D"),"buc","mp"), "mp")} -> mp | F22: {=IFERROR(INDEX(Cant!$M$2:$M$99,_xlfn.AGGREGATE(15,6,(ROW(Cant!$M$2:$M$99)-ROW(Cant!$M$2)+1)/((Cant!$M$2:$M$99<>"")*(COUNTIF($F$10:F21,Cant!$M$2:$M$99)=0)),1)),"")} | G22: =IF(AND(F22<>"",COUNTIF($F$11:F21,F22)>0),"", IFERROR( IF(AND(F22<>"", SUMIFS(Cant!$I$2:$I$99,Cant!$M$2:$M$99,F22,Cant!$J$2:$J$99,"22/0.4") +SUMIFS(Cant!$I$2:$I$99,Cant!$M$2:$M$99,F22,Cant!$J$2:$J$99,"22/0.5")>0), SUMIFS(Cant!$I$2:$I$99,Cant!$M$2:$M$99,F22,Cant!$J$2:$J$99,"22/0.4") +SUMIFS(Cant!$I$2:$I$99,Cant!$M$2:$M$99,F22,Cant!$J$2:$J$99,"22/0.5"), ""), "") ) | H22: =CONCATENATE(F22) | I22: =IF(AND(F22<>"",COUNTIF($F$11:F21,F22)>0),"",IFERROR( IF(AND(H22<>"", SUMIFS(Cant!$I$2:$I$99,Cant!$M$2:$M$99,H22,Cant!$J$2:$J$99,"22/1.0") +SUMIFS(Cant!$I$2:$I$99,Cant!$M$2:$M$99,H22,Cant!$J$2:$J$99,"23/1.0")>0), SUMIFS(Cant!$I$2:$I$99,Cant!$M$2:$M$99,H22,Cant!$J$2:$J$99,"22/1.0") +SUMIFS(Cant!$I$2:$I$99,Cant!$M$2:$M$99,H22,Cant!$J$2:$J$99,"23/1.0"), ""),"")) | J22: =CONCATENATE(F22) | K22: =IF(AND(F22<>"",COUNTIF($F$11:F21,F22)>0),"",IFERROR(IF(AND(J22<>"",SUMIFS(Cant!$I$2:$I$99,Cant!$M$2:$M$99,J22,Cant!$J$2:$J$99,"23/0.8")>0),SUMIFS(Cant!$I$2:$I$99,Cant!$M$2:$M$99,J22,Cant!$J$2:$J$99,"23/0.8"),""),"")) | L22: =CONCATENATE(F22) | M22: =IF(AND(F22<>"",COUNTIF($F$11:F21,F22)>0),"",IFERROR(IF(AND(L22<>"",SUMIFS(Cant!$I$2:$I$99,Cant!$M$2:$M$99,L22,Cant!$J$2:$J$99,"23/2.0")>0),SUMIFS(Cant!$I$2:$I$99,Cant!$M$2:$M$99,L22,Cant!$J$2:$J$99,"23/2.0"),""),"")) | N22: =CONCATENATE(F22) | O22: =IF(AND(F22<>"",COUNTIF($F$11:F21,F22)>0),"",IFERROR(IF(AND(N22<>"",SUMIFS(Cant!$I$2:$I$99,Cant!$M$2:$M$99,N22,Cant!$J$2:$J$99,"43/1.0")+SUMIFS(Cant!$I$2:$I$99,Cant!$M$2:$M$99,N22,Cant!$J$2:$J$99,"43/0.8")+SUMIFS(Cant!$I$2:$I$99,Cant!$M$2:$M$99,N22,Cant!$J$2:$J$99,"42/1.0")>0),SUMIFS(Cant!$I$2:$I$99,Cant!$M$2:$M$99,N22,Cant!$J$2:$J$99,"43/1.0")+SUMIFS(Cant!$I$2:$I$99,Cant!$M$2:$M$99,N22,Cant!$J$2:$J$99,"43/0.8")+SUMIFS(Cant!$I$2:$I$99,Cant!$M$2:$M$99,N22,Cant!$J$2:$J$99,"42/1.0"),""),"")) | P22: =CONCATENATE(F22) | Q22: =IF(AND(F22<>"",COUNTIF($F$11:F21,F22)>0),"",IFERROR(IF(AND(P22<>"",SUMIFS(Cant!$I$2:$I$99,Cant!$M$2:$M$99,P22,Cant!$J$2:$J$99,"43/1.5")+SUMIFS(Cant!$I$2:$I$99,Cant!$M$2:$M$99,P22,Cant!$J$2:$J$99,"24/1.5")>0),SUMIFS(Cant!$I$2:$I$99,Cant!$M$2:$M$99,P22,Cant!$J$2:$J$99,"43/1.5")+SUMIFS(Cant!$I$2:$I$99,Cant!$M$2:$M$99,P22,Cant!$J$2:$J$99,"24/1.5"),""),"")) | R22: =CONCATENATE(F22) | S22: =IF(AND(F22<>"",COUNTIF($F$11:F21,F22)>0),"",IFERROR(IF(AND(R22<>"",SUMIFS(Cant!$I$2:$I$99,Cant!$M$2:$M$99,R22,Cant!$J$2:$J$99,"43/2.0")>0),SUMIFS(Cant!$I$2:$I$99,Cant!$M$2:$M$99,R22,Cant!$J$2:$J$99,"43/2.0"),""),""))
D23: {=IF(I14="Mobilier în Roomdesigner", IF(OR(RIGHT(B23,1)={"0","1","2","3","4","5","6","7","8","9"},RIGHT(B23,2)="SM",RIGHT(B23,2)="PM",RIGHT(B23,2)="PG",RIGHT(B23,2)="mm"),"buc","mp"), "mp")} -> mp | H23: =CONCATENATE(F23) | J23: =CONCATENATE(F23) | L23: =CONCATENATE(F23) | N23: =CONCATENATE(F23) | P23: =CONCATENATE(F23) | R23: =CONCATENATE(F23) | S23: =IF(AND(F23<>"",COUNTIF($F$11:F22,F23)>0),"",IFERROR(IF(AND(R23<>"",SUMIFS(Cant!$I$2:$I$99,Cant!$M$2:$M$99,R23,Cant!$J$2:$J$99,"43/2.0")>0),SUMIFS(Cant!$I$2:$I$99,Cant!$M$2:$M$99,R23,Cant!$J$2:$J$99,"43/2.0"),""),""))
A24: MDF | B24: {=IFERROR(_xlfn.SINGLE(INDEX(Deco!$Y$2:$Y$99,_xlfn.AGGREGATE(15,6,ROW(Deco!$Y$2:$Y$99)-ROW(Deco!$Y$2)+1/(Deco!$W$2:$W$99="MDF"),1))),"")} | C24: {=IFERROR( IF(D24="buc", IF(B24<>"", INDEX(Deco!$C$2:$C$99, MATCH(1, (Deco!$Y$2:$Y$99=B24)*(Deco!$W$2:$W$99="MDF"), 0)), ""), IF(AND(B24<>"", INDEX(Deco!$W$2:$W$99, MATCH(1, (Deco!$Y$2:$Y$99=B24)*(Deco!$W$2:$W$99="MDF"), 0))="MDF"), INDEX(Deco!$V$2:$V$99, MATCH(1, (Deco!$Y$2:$Y$99=B24)*(Deco!$W$2:$W$99="MDF"), 0)), "") ), "")} | D24: {=IF(I3="Debitare căntuire", IF(OR(RIGHT(B24,1)={"0","1","2","3","4","5","6","7","8","9"},RIGHT(B24,2)="SM",RIGHT(B24,2)="PM",RIGHT(B24,2)="PG",RIGHT(B24,2)="mm",RIGHT(B24,2)="mp",RIGHT(B24,2)="PA",RIGHT(B24,2)="3D"),"buc","mp"), "mp")} -> mp | F24: {=IFERROR(INDEX(Cant!$M$2:$M$99,_xlfn.AGGREGATE(15,6,(ROW(Cant!$M$2:$M$99)-ROW(Cant!$M$2)+1)/((Cant!$M$2:$M$99<>"")*(COUNTIF($F$10:F23,Cant!$M$2:$M$99)=0)),1)),"")} | G24: =IF(AND(F24<>"",COUNTIF($F$11:F23,F24)>0),"", IFERROR( IF(AND(F24<>"", SUMIFS(Cant!$I$2:$I$99,Cant!$M$2:$M$99,F24,Cant!$J$2:$J$99,"22/0.4") +SUMIFS(Cant!$I$2:$I$99,Cant!$M$2:$M$99,F24,Cant!$J$2:$J$99,"22/0.5")>0), SUMIFS(Cant!$I$2:$I$99,Cant!$M$2:$M$99,F24,Cant!$J$2:$J$99,"22/0.4") +SUMIFS(Cant!$I$2:$I$99,Cant!$M$2:$M$99,F24,Cant!$J$2:$J$99,"22/0.5"), ""), "") ) | H24: =CONCATENATE(F24) | I24: =IF(AND(F24<>"",COUNTIF($F$11:F23,F24)>0),"",IFERROR( IF(AND(H24<>"", SUMIFS(Cant!$I$2:$I$99,Cant!$M$2:$M$99,H24,Cant!$J$2:$J$99,"22/1.0") +SUMIFS(Cant!$I$2:$I$99,Cant!$M$2:$M$99,H24,Cant!$J$2:$J$99,"23/1.0")>0), SUMIFS(Cant!$I$2:$I$99,Cant!$M$2:$M$99,H24,Cant!$J$2:$J$99,"22/1.0") +SUMIFS(Cant!$I$2:$I$99,Cant!$M$2:$M$99,H24,Cant!$J$2:$J$99,"23/1.0"), ""),"")) | J24: =CONCATENATE(F24) | K24: =IF(AND(F24<>"",COUNTIF($F$11:F23,F24)>0),"",IFERROR(IF(AND(J24<>"",SUMIFS(Cant!$I$2:$I$99,Cant!$M$2:$M$99,J24,Cant!$J$2:$J$99,"23/0.8")>0),SUMIFS(Cant!$I$2:$I$99,Cant!$M$2:$M$99,J24,Cant!$J$2:$J$99,"23/0.8"),""),"")) | L24: =CONCATENATE(F24) | M24: =IF(AND(F24<>"",COUNTIF($F$11:F23,F24)>0),"",IFERROR(IF(AND(L24<>"",SUMIFS(Cant!$I$2:$I$99,Cant!$M$2:$M$99,L24,Cant!$J$2:$J$99,"23/2.0")>0),SUMIFS(Cant!$I$2:$I$99,Cant!$M$2:$M$99,L24,Cant!$J$2:$J$99,"23/2.0"),""),"")) | N24: =CONCATENATE(F24) | O24: =IF(AND(F24<>"",COUNTIF($F$11:F23,F24)>0),"",IFERROR(IF(AND(N24<>"",SUMIFS(Cant!$I$2:$I$99,Cant!$M$2:$M$99,N24,Cant!$J$2:$J$99,"43/1.0")+SUMIFS(Cant!$I$2:$I$99,Cant!$M$2:$M$99,N24,Cant!$J$2:$J$99,"43/0.8")+SUMIFS(Cant!$I$2:$I$99,Cant!$M$2:$M$99,N24,Cant!$J$2:$J$99,"42/1.0")>0),SUMIFS(Cant!$I$2:$I$99,Cant!$M$2:$M$99,N24,Cant!$J$2:$J$99,"43/1.0")+SUMIFS(Cant!$I$2:$I$99,Cant!$M$2:$M$99,N24,Cant!$J$2:$J$99,"43/0.8")+SUMIFS(Cant!$I$2:$I$99,Cant!$M$2:$M$99,N24,Cant!$J$2:$J$99,"42/1.0"),""),"")) | P24: =CONCATENATE(F24) | Q24: =IF(AND(F24<>"",COUNTIF($F$11:F23,F24)>0),"",IFERROR(IF(AND(P24<>"",SUMIFS(Cant!$I$2:$I$99,Cant!$M$2:$M$99,P24,Cant!$J$2:$J$99,"43/1.5")+SUMIFS(Cant!$I$2:$I$99,Cant!$M$2:$M$99,P24,Cant!$J$2:$J$99,"24/1.5")>0),SUMIFS(Cant!$I$2:$I$99,Cant!$M$2:$M$99,P24,Cant!$J$2:$J$99,"43/1.5")+SUMIFS(Cant!$I$2:$I$99,Cant!$M$2:$M$99,P24,Cant!$J$2:$J$99,"24/1.5"),""),"")) | R24: =CONCATENATE(F24) | S24: =IF(AND(F24<>"",COUNTIF($F$11:F23,F24)>0),"",IFERROR(IF(AND(R24<>"",SUMIFS(Cant!$I$2:$I$99,Cant!$M$2:$M$99,R24,Cant!$J$2:$J$99,"43/2.0")>0),SUMIFS(Cant!$I$2:$I$99,Cant!$M$2:$M$99,R24,Cant!$J$2:$J$99,"43/2.0"),""),""))
B25: =IFERROR(INDEX(Deco!$Y$2:$Y$99,_xlfn.AGGREGATE(15,6,ROW(Deco!$Y$2:$Y$99)-ROW(Deco!$Y$2)+1/(Deco!$W$2:$W$99="MDF"),2)),"") | C25: {=IFERROR( IF(D25="buc", IF(B25<>"", INDEX(Deco!$C$2:$C$99, MATCH(1, (Deco!$Y$2:$Y$99=B25)*(Deco!$W$2:$W$99="MDF"), 0)), ""), IF(AND(B25<>"", INDEX(Deco!$W$2:$W$99, MATCH(1, (Deco!$Y$2:$Y$99=B25)*(Deco!$W$2:$W$99="MDF"), 0))="MDF"), INDEX(Deco!$V$2:$V$99, MATCH(1, (Deco!$Y$2:$Y$99=B25)*(Deco!$W$2:$W$99="MDF"), 0)), "") ), "")} | D25: {=IF(I3="Debitare căntuire", IF(OR(RIGHT(B25,1)={"0","1","2","3","4","5","6","7","8","9"},RIGHT(B25,2)="SM",RIGHT(B25,2)="PM",RIGHT(B25,2)="PG",RIGHT(B25,2)="mm",RIGHT(B25,2)="mp",RIGHT(B25,2)="PA",RIGHT(B25,2)="3D"),"buc","mp"), "mp")} -> mp | F25: {=IFERROR(INDEX(Cant!$M$2:$M$99,_xlfn.AGGREGATE(15,6,(ROW(Cant!$M$2:$M$99)-ROW(Cant!$M$2)+1)/((Cant!$M$2:$M$99<>"")*(COUNTIF($F$10:F24,Cant!$M$2:$M$99)=0)),1)),"")} | G25: =IF(AND(F25<>"",COUNTIF($F$11:F24,F25)>0),"", IFERROR( IF(AND(F25<>"", SUMIFS(Cant!$I$2:$I$99,Cant!$M$2:$M$99,F25,Cant!$J$2:$J$99,"22/0.4") +SUMIFS(Cant!$I$2:$I$99,Cant!$M$2:$M$99,F25,Cant!$J$2:$J$99,"22/0.5")>0), SUMIFS(Cant!$I$2:$I$99,Cant!$M$2:$M$99,F25,Cant!$J$2:$J$99,"22/0.4") +SUMIFS(Cant!$I$2:$I$99,Cant!$M$2:$M$99,F25,Cant!$J$2:$J$99,"22/0.5"), ""), "") ) | H25: =CONCATENATE(F25) | I25: =IF(AND(F25<>"",COUNTIF($F$11:F24,F25)>0),"",IFERROR( IF(AND(H25<>"", SUMIFS(Cant!$I$2:$I$99,Cant!$M$2:$M$99,H25,Cant!$J$2:$J$99,"22/1.0") +SUMIFS(Cant!$I$2:$I$99,Cant!$M$2:$M$99,H25,Cant!$J$2:$J$99,"23/1.0")>0), SUMIFS(Cant!$I$2:$I$99,Cant!$M$2:$M$99,H25,Cant!$J$2:$J$99,"22/1.0") +SUMIFS(Cant!$I$2:$I$99,Cant!$M$2:$M$99,H25,Cant!$J$2:$J$99,"23/1.0"), ""),"")) | J25: =CONCATENATE(F25) | K25: =IF(AND(F25<>"",COUNTIF($F$11:F24,F25)>0),"",IFERROR(IF(AND(J25<>"",SUMIFS(Cant!$I$2:$I$99,Cant!$M$2:$M$99,J25,Cant!$J$2:$J$99,"23/0.8")>0),SUMIFS(Cant!$I$2:$I$99,Cant!$M$2:$M$99,J25,Cant!$J$2:$J$99,"23/0.8"),""),"")) | L25: =CONCATENATE(F25) | M25: =IF(AND(F25<>"",COUNTIF($F$11:F24,F25)>0),"",IFERROR(IF(AND(L25<>"",SUMIFS(Cant!$I$2:$I$99,Cant!$M$2:$M$99,L25,Cant!$J$2:$J$99,"23/2.0")>0),SUMIFS(Cant!$I$2:$I$99,Cant!$M$2:$M$99,L25,Cant!$J$2:$J$99,"23/2.0"),""),"")) | N25: =CONCATENATE(F25) | O25: =IF(AND(F25<>"",COUNTIF($F$11:F24,F25)>0),"",IFERROR(IF(AND(N25<>"",SUMIFS(Cant!$I$2:$I$99,Cant!$M$2:$M$99,N25,Cant!$J$2:$J$99,"43/1.0")+SUMIFS(Cant!$I$2:$I$99,Cant!$M$2:$M$99,N25,Cant!$J$2:$J$99,"43/0.8")+SUMIFS(Cant!$I$2:$I$99,Cant!$M$2:$M$99,N25,Cant!$J$2:$J$99,"42/1.0")>0),SUMIFS(Cant!$I$2:$I$99,Cant!$M$2:$M$99,N25,Cant!$J$2:$J$99,"43/1.0")+SUMIFS(Cant!$I$2:$I$99,Cant!$M$2:$M$99,N25,Cant!$J$2:$J$99,"43/0.8")+SUMIFS(Cant!$I$2:$I$99,Cant!$M$2:$M$99,N25,Cant!$J$2:$J$99,"42/1.0"),""),"")) | P25: =CONCATENATE(F25) | Q25: =IF(AND(F25<>"",COUNTIF($F$11:F24,F25)>0),"",IFERROR(IF(AND(P25<>"",SUMIFS(Cant!$I$2:$I$99,Cant!$M$2:$M$99,P25,Cant!$J$2:$J$99,"43/1.5")+SUMIFS(Cant!$I$2:$I$99,Cant!$M$2:$M$99,P25,Cant!$J$2:$J$99,"24/1.5")>0),SUMIFS(Cant!$I$2:$I$99,Cant!$M$2:$M$99,P25,Cant!$J$2:$J$99,"43/1.5")+SUMIFS(Cant!$I$2:$I$99,Cant!$M$2:$M$99,P25,Cant!$J$2:$J$99,"24/1.5"),""),"")) | R25: =CONCATENATE(F25) | S25: =IF(AND(F25<>"",COUNTIF($F$11:F24,F25)>0),"",IFERROR(IF(AND(R25<>"",SUMIFS(Cant!$I$2:$I$99,Cant!$M$2:$M$99,R25,Cant!$J$2:$J$99,"43/2.0")>0),SUMIFS(Cant!$I$2:$I$99,Cant!$M$2:$M$99,R25,Cant!$J$2:$J$99,"43/2.0"),""),""))
B26: {=IFERROR(_xlfn.SINGLE(INDEX(Deco!$Y$2:$Y$99,_xlfn.AGGREGATE(15,6,ROW(Deco!$Y$2:$Y$99)-ROW(Deco!$Y$2)+1/(Deco!$W$2:$W$99="MDF"),3))),"")} | C26: {=IFERROR( IF(D26="buc", IF(B26<>"", INDEX(Deco!$C$2:$C$99, MATCH(1, (Deco!$Y$2:$Y$99=B26)*(Deco!$W$2:$W$99="MDF"), 0)), ""), IF(AND(B26<>"", INDEX(Deco!$W$2:$W$99, MATCH(1, (Deco!$Y$2:$Y$99=B26)*(Deco!$W$2:$W$99="MDF"), 0))="MDF"), INDEX(Deco!$V$2:$V$99, MATCH(1, (Deco!$Y$2:$Y$99=B26)*(Deco!$W$2:$W$99="MDF"), 0)), "") ), "")} | D26: {=IF(I3="Debitare căntuire", IF(OR(RIGHT(B26,1)={"0","1","2","3","4","5","6","7","8","9"},RIGHT(B26,2)="SM",RIGHT(B26,2)="PM",RIGHT(B26,2)="PG",RIGHT(B26,2)="mm",RIGHT(B26,2)="mp",RIGHT(B26,2)="PA",RIGHT(B26,2)="3D"),"buc","mp"), "mp")} -> mp | F26: {=IFERROR(INDEX(Cant!$M$2:$M$99,_xlfn.AGGREGATE(15,6,(ROW(Cant!$M$2:$M$99)-ROW(Cant!$M$2)+1)/((Cant!$M$2:$M$99<>"")*(COUNTIF($F$10:F25,Cant!$M$2:$M$99)=0)),1)),"")} | G26: =IF(AND(F26<>"",COUNTIF($F$11:F25,F26)>0),"", IFERROR( IF(AND(F26<>"", SUMIFS(Cant!$I$2:$I$99,Cant!$M$2:$M$99,F26,Cant!$J$2:$J$99,"22/0.4") +SUMIFS(Cant!$I$2:$I$99,Cant!$M$2:$M$99,F26,Cant!$J$2:$J$99,"22/0.5")>0), SUMIFS(Cant!$I$2:$I$99,Cant!$M$2:$M$99,F26,Cant!$J$2:$J$99,"22/0.4") +SUMIFS(Cant!$I$2:$I$99,Cant!$M$2:$M$99,F26,Cant!$J$2:$J$99,"22/0.5"), ""), "") ) | H26: =CONCATENATE(F26) | I26: =IF(AND(F26<>"",COUNTIF($F$11:F25,F26)>0),"",IFERROR( IF(AND(H26<>"", SUMIFS(Cant!$I$2:$I$99,Cant!$M$2:$M$99,H26,Cant!$J$2:$J$99,"22/1.0") +SUMIFS(Cant!$I$2:$I$99,Cant!$M$2:$M$99,H26,Cant!$J$2:$J$99,"23/1.0")>0), SUMIFS(Cant!$I$2:$I$99,Cant!$M$2:$M$99,H26,Cant!$J$2:$J$99,"22/1.0") +SUMIFS(Cant!$I$2:$I$99,Cant!$M$2:$M$99,H26,Cant!$J$2:$J$99,"23/1.0"), ""),"")) | J26: =CONCATENATE(F26) | K26: =IF(AND(F26<>"",COUNTIF($F$11:F25,F26)>0),"",IFERROR(IF(AND(J26<>"",SUMIFS(Cant!$I$2:$I$99,Cant!$M$2:$M$99,J26,Cant!$J$2:$J$99,"23/0.8")>0),SUMIFS(Cant!$I$2:$I$99,Cant!$M$2:$M$99,J26,Cant!$J$2:$J$99,"23/0.8"),""),"")) | L26: =CONCATENATE(F26) | M26: =IF(AND(F26<>"",COUNTIF($F$11:F25,F26)>0),"",IFERROR(IF(AND(L26<>"",SUMIFS(Cant!$I$2:$I$99,Cant!$M$2:$M$99,L26,Cant!$J$2:$J$99,"23/2.0")>0),SUMIFS(Cant!$I$2:$I$99,Cant!$M$2:$M$99,L26,Cant!$J$2:$J$99,"23/2.0"),""),"")) | N26: =CONCATENATE(F26) | O26: =IF(AND(F26<>"",COUNTIF($F$11:F25,F26)>0),"",IFERROR(IF(AND(N26<>"",SUMIFS(Cant!$I$2:$I$99,Cant!$M$2:$M$99,N26,Cant!$J$2:$J$99,"43/1.0")+SUMIFS(Cant!$I$2:$I$99,Cant!$M$2:$M$99,N26,Cant!$J$2:$J$99,"43/0.8")+SUMIFS(Cant!$I$2:$I$99,Cant!$M$2:$M$99,N26,Cant!$J$2:$J$99,"42/1.0")>0),SUMIFS(Cant!$I$2:$I$99,Cant!$M$2:$M$99,N26,Cant!$J$2:$J$99,"43/1.0")+SUMIFS(Cant!$I$2:$I$99,Cant!$M$2:$M$99,N26,Cant!$J$2:$J$99,"43/0.8")+SUMIFS(Cant!$I$2:$I$99,Cant!$M$2:$M$99,N26,Cant!$J$2:$J$99,"42/1.0"),""),"")) | P26: =CONCATENATE(F26) | Q26: =IF(AND(F26<>"",COUNTIF($F$11:F25,F26)>0),"",IFERROR(IF(AND(P26<>"",SUMIFS(Cant!$I$2:$I$99,Cant!$M$2:$M$99,P26,Cant!$J$2:$J$99,"43/1.5")+SUMIFS(Cant!$I$2:$I$99,Cant!$M$2:$M$99,P26,Cant!$J$2:$J$99,"24/1.5")>0),SUMIFS(Cant!$I$2:$I$99,Cant!$M$2:$M$99,P26,Cant!$J$2:$J$99,"43/1.5")+SUMIFS(Cant!$I$2:$I$99,Cant!$M$2:$M$99,P26,Cant!$J$2:$J$99,"24/1.5"),""),"")) | R26: =CONCATENATE(F26) | S26: =IF(AND(F26<>"",COUNTIF($F$11:F25,F26)>0),"",IFERROR(IF(AND(R26<>"",SUMIFS(Cant!$I$2:$I$99,Cant!$M$2:$M$99,R26,Cant!$J$2:$J$99,"43/2.0")>0),SUMIFS(Cant!$I$2:$I$99,Cant!$M$2:$M$99,R26,Cant!$J$2:$J$99,"43/2.0"),""),""))
B27: {=IFERROR(_xlfn.SINGLE(INDEX(Deco!$Y$2:$Y$99,_xlfn.AGGREGATE(15,6,ROW(Deco!$Y$2:$Y$99)-ROW(Deco!$Y$2)+1/(Deco!$W$2:$W$99="MDF"),4))),"")} | C27: {=IFERROR( IF(D27="buc", IF(B27<>"", INDEX(Deco!$C$2:$C$99, MATCH(1, (Deco!$Y$2:$Y$99=B27)*(Deco!$W$2:$W$99="MDF"), 0)), ""), IF(AND(B27<>"", INDEX(Deco!$W$2:$W$99, MATCH(1, (Deco!$Y$2:$Y$99=B27)*(Deco!$W$2:$W$99="MDF"), 0))="MDF"), INDEX(Deco!$V$2:$V$99, MATCH(1, (Deco!$Y$2:$Y$99=B27)*(Deco!$W$2:$W$99="MDF"), 0)), "") ), "")} | D27: {=IF(I3="Debitare căntuire", IF(OR(RIGHT(B27,1)={"0","1","2","3","4","5","6","7","8","9"},RIGHT(B27,2)="SM",RIGHT(B27,2)="PM",RIGHT(B27,2)="PG",RIGHT(B27,2)="mm",RIGHT(B27,2)="mp",RIGHT(B27,2)="PA",RIGHT(B27,2)="3D"),"buc","mp"), "mp")} -> mp | F27: {=IFERROR(INDEX(Cant!$M$2:$M$99,_xlfn.AGGREGATE(15,6,(ROW(Cant!$M$2:$M$99)-ROW(Cant!$M$2)+1)/((Cant!$M$2:$M$99<>"")*(COUNTIF($F$10:F26,Cant!$M$2:$M$99)=0)),1)),"")} | G27: =IF(AND(F27<>"",COUNTIF($F$11:F26,F27)>0),"", IFERROR( IF(AND(F27<>"", SUMIFS(Cant!$I$2:$I$99,Cant!$M$2:$M$99,F27,Cant!$J$2:$J$99,"22/0.4") +SUMIFS(Cant!$I$2:$I$99,Cant!$M$2:$M$99,F27,Cant!$J$2:$J$99,"22/0.5")>0), SUMIFS(Cant!$I$2:$I$99,Cant!$M$2:$M$99,F27,Cant!$J$2:$J$99,"22/0.4") +SUMIFS(Cant!$I$2:$I$99,Cant!$M$2:$M$99,F27,Cant!$J$2:$J$99,"22/0.5"), ""), "") ) | H27: =CONCATENATE(F27) | I27: =IF(AND(F27<>"",COUNTIF($F$11:F26,F27)>0),"",IFERROR( IF(AND(H27<>"", SUMIFS(Cant!$I$2:$I$99,Cant!$M$2:$M$99,H27,Cant!$J$2:$J$99,"22/1.0") +SUMIFS(Cant!$I$2:$I$99,Cant!$M$2:$M$99,H27,Cant!$J$2:$J$99,"23/1.0")>0), SUMIFS(Cant!$I$2:$I$99,Cant!$M$2:$M$99,H27,Cant!$J$2:$J$99,"22/1.0") +SUMIFS(Cant!$I$2:$I$99,Cant!$M$2:$M$99,H27,Cant!$J$2:$J$99,"23/1.0"), ""),"")) | J27: =CONCATENATE(F27) | K27: =IF(AND(F27<>"",COUNTIF($F$11:F26,F27)>0),"",IFERROR(IF(AND(J27<>"",SUMIFS(Cant!$I$2:$I$99,Cant!$M$2:$M$99,J27,Cant!$J$2:$J$99,"23/0.8")>0),SUMIFS(Cant!$I$2:$I$99,Cant!$M$2:$M$99,J27,Cant!$J$2:$J$99,"23/0.8"),""),"")) | L27: =CONCATENATE(F27) | M27: =IF(AND(F27<>"",COUNTIF($F$11:F26,F27)>0),"",IFERROR(IF(AND(L27<>"",SUMIFS(Cant!$I$2:$I$99,Cant!$M$2:$M$99,L27,Cant!$J$2:$J$99,"23/2.0")>0),SUMIFS(Cant!$I$2:$I$99,Cant!$M$2:$M$99,L27,Cant!$J$2:$J$99,"23/2.0"),""),"")) | N27: =CONCATENATE(F27) | O27: =IF(AND(F27<>"",COUNTIF($F$11:F26,F27)>0),"",IFERROR(IF(AND(N27<>"",SUMIFS(Cant!$I$2:$I$99,Cant!$M$2:$M$99,N27,Cant!$J$2:$J$99,"43/1.0")+SUMIFS(Cant!$I$2:$I$99,Cant!$M$2:$M$99,N27,Cant!$J$2:$J$99,"43/0.8")+SUMIFS(Cant!$I$2:$I$99,Cant!$M$2:$M$99,N27,Cant!$J$2:$J$99,"42/1.0")>0),SUMIFS(Cant!$I$2:$I$99,Cant!$M$2:$M$99,N27,Cant!$J$2:$J$99,"43/1.0")+SUMIFS(Cant!$I$2:$I$99,Cant!$M$2:$M$99,N27,Cant!$J$2:$J$99,"43/0.8")+SUMIFS(Cant!$I$2:$I$99,Cant!$M$2:$M$99,N27,Cant!$J$2:$J$99,"42/1.0"),""),"")) | P27: =CONCATENATE(F27) | Q27: =IF(AND(F27<>"",COUNTIF($F$11:F26,F27)>0),"",IFERROR(IF(AND(P27<>"",SUMIFS(Cant!$I$2:$I$99,Cant!$M$2:$M$99,P27,Cant!$J$2:$J$99,"43/1.5")+SUMIFS(Cant!$I$2:$I$99,Cant!$M$2:$M$99,P27,Cant!$J$2:$J$99,"24/1.5")>0),SUMIFS(Cant!$I$2:$I$99,Cant!$M$2:$M$99,P27,Cant!$J$2:$J$99,"43/1.5")+SUMIFS(Cant!$I$2:$I$99,Cant!$M$2:$M$99,P27,Cant!$J$2:$J$99,"24/1.5"),""),"")) | R27: =CONCATENATE(F27) | S27: =IF(AND(F27<>"",COUNTIF($F$11:F26,F27)>0),"",IFERROR(IF(AND(R27<>"",SUMIFS(Cant!$I$2:$I$99,Cant!$M$2:$M$99,R27,Cant!$J$2:$J$99,"43/2.0")>0),SUMIFS(Cant!$I$2:$I$99,Cant!$M$2:$M$99,R27,Cant!$J$2:$J$99,"43/2.0"),""),""))
B28: {=IFERROR(_xlfn.SINGLE(INDEX(Deco!$Y$2:$Y$99,_xlfn.AGGREGATE(15,6,ROW(Deco!$Y$2:$Y$99)-ROW(Deco!$Y$2)+1/(Deco!$W$2:$W$99="MDF"),5))),"")} | C28: {=IFERROR( IF(D28="buc", IF(B28<>"", INDEX(Deco!$C$2:$C$99, MATCH(1, (Deco!$Y$2:$Y$99=B28)*(Deco!$W$2:$W$99="MDF"), 0)), ""), IF(AND(B28<>"", INDEX(Deco!$W$2:$W$99, MATCH(1, (Deco!$Y$2:$Y$99=B28)*(Deco!$W$2:$W$99="MDF"), 0))="MDF"), INDEX(Deco!$V$2:$V$99, MATCH(1, (Deco!$Y$2:$Y$99=B28)*(Deco!$W$2:$W$99="MDF"), 0)), "") ), "")} | D28: {=IF(I3="Debitare căntuire", IF(OR(RIGHT(B28,1)={"0","1","2","3","4","5","6","7","8","9"},RIGHT(B28,2)="SM",RIGHT(B28,2)="PM",RIGHT(B28,2)="PG",RIGHT(B28,2)="mm",RIGHT(B28,2)="mp",RIGHT(B28,2)="PA",RIGHT(B28,2)="3D"),"buc","mp"), "mp")} -> mp | F28: {=IFERROR(INDEX(Cant!$M$2:$M$99,_xlfn.AGGREGATE(15,6,(ROW(Cant!$M$2:$M$99)-ROW(Cant!$M$2)+1)/((Cant!$M$2:$M$99<>"")*(COUNTIF($F$10:F27,Cant!$M$2:$M$99)=0)),1)),"")} | G28: =IF(AND(F28<>"",COUNTIF($F$11:F27,F28)>0),"", IFERROR( IF(AND(F28<>"", SUMIFS(Cant!$I$2:$I$99,Cant!$M$2:$M$99,F28,Cant!$J$2:$J$99,"22/0.4") +SUMIFS(Cant!$I$2:$I$99,Cant!$M$2:$M$99,F28,Cant!$J$2:$J$99,"22/0.5")>0), SUMIFS(Cant!$I$2:$I$99,Cant!$M$2:$M$99,F28,Cant!$J$2:$J$99,"22/0.4") +SUMIFS(Cant!$I$2:$I$99,Cant!$M$2:$M$99,F28,Cant!$J$2:$J$99,"22/0.5"), ""), "") ) | H28: =CONCATENATE(F28) | I28: =IF(AND(F28<>"",COUNTIF($F$11:F27,F28)>0),"",IFERROR( IF(AND(H28<>"", SUMIFS(Cant!$I$2:$I$99,Cant!$M$2:$M$99,H28,Cant!$J$2:$J$99,"22/1.0") +SUMIFS(Cant!$I$2:$I$99,Cant!$M$2:$M$99,H28,Cant!$J$2:$J$99,"23/1.0")>0), SUMIFS(Cant!$I$2:$I$99,Cant!$M$2:$M$99,H28,Cant!$J$2:$J$99,"22/1.0") +SUMIFS(Cant!$I$2:$I$99,Cant!$M$2:$M$99,H28,Cant!$J$2:$J$99,"23/1.0"), ""),"")) | J28: =CONCATENATE(F28) | K28: =IF(AND(F28<>"",COUNTIF($F$11:F27,F28)>0),"",IFERROR(IF(AND(J28<>"",SUMIFS(Cant!$I$2:$I$99,Cant!$M$2:$M$99,J28,Cant!$J$2:$J$99,"23/0.8")>0),SUMIFS(Cant!$I$2:$I$99,Cant!$M$2:$M$99,J28,Cant!$J$2:$J$99,"23/0.8"),""),"")) | L28: =CONCATENATE(F28) | M28: =IF(AND(F28<>"",COUNTIF($F$11:F27,F28)>0),"",IFERROR(IF(AND(L28<>"",SUMIFS(Cant!$I$2:$I$99,Cant!$M$2:$M$99,L28,Cant!$J$2:$J$99,"23/2.0")>0),SUMIFS(Cant!$I$2:$I$99,Cant!$M$2:$M$99,L28,Cant!$J$2:$J$99,"23/2.0"),""),"")) | N28: =CONCATENATE(F28) | O28: =IF(AND(F28<>"",COUNTIF($F$11:F27,F28)>0),"",IFERROR(IF(AND(N28<>"",SUMIFS(Cant!$I$2:$I$99,Cant!$M$2:$M$99,N28,Cant!$J$2:$J$99,"43/1.0")+SUMIFS(Cant!$I$2:$I$99,Cant!$M$2:$M$99,N28,Cant!$J$2:$J$99,"43/0.8")+SUMIFS(Cant!$I$2:$I$99,Cant!$M$2:$M$99,N28,Cant!$J$2:$J$99,"42/1.0")>0),SUMIFS(Cant!$I$2:$I$99,Cant!$M$2:$M$99,N28,Cant!$J$2:$J$99,"43/1.0")+SUMIFS(Cant!$I$2:$I$99,Cant!$M$2:$M$99,N28,Cant!$J$2:$J$99,"43/0.8")+SUMIFS(Cant!$I$2:$I$99,Cant!$M$2:$M$99,N28,Cant!$J$2:$J$99,"42/1.0"),""),"")) | P28: =CONCATENATE(F28) | Q28: =IF(AND(F28<>"",COUNTIF($F$11:F27,F28)>0),"",IFERROR(IF(AND(P28<>"",SUMIFS(Cant!$I$2:$I$99,Cant!$M$2:$M$99,P28,Cant!$J$2:$J$99,"43/1.5")+SUMIFS(Cant!$I$2:$I$99,Cant!$M$2:$M$99,P28,Cant!$J$2:$J$99,"24/1.5")>0),SUMIFS(Cant!$I$2:$I$99,Cant!$M$2:$M$99,P28,Cant!$J$2:$J$99,"43/1.5")+SUMIFS(Cant!$I$2:$I$99,Cant!$M$2:$M$99,P28,Cant!$J$2:$J$99,"24/1.5"),""),"")) | R28: =CONCATENATE(F28) | S28: =IF(AND(F28<>"",COUNTIF($F$11:F27,F28)>0),"",IFERROR(IF(AND(R28<>"",SUMIFS(Cant!$I$2:$I$99,Cant!$M$2:$M$99,R28,Cant!$J$2:$J$99,"43/2.0")>0),SUMIFS(Cant!$I$2:$I$99,Cant!$M$2:$M$99,R28,Cant!$J$2:$J$99,"43/2.0"),""),""))
D29: {=IF(I20="Mobilier în Roomdesigner", IF(OR(RIGHT(B29,1)={"0","1","2","3","4","5","6","7","8","9"},RIGHT(B29,2)="SM",RIGHT(B29,2)="PM",RIGHT(B29,2)="PG",RIGHT(B29,2)="mm"),"buc","mp"), "mp")} -> mp | H29: =CONCATENATE(F29) | J29: =CONCATENATE(F29) | L29: =CONCATENATE(F29) | N29: =CONCATENATE(F29) | P29: =CONCATENATE(F29) | R29: =CONCATENATE(F29)
A30: PFL SUBȚIRE | B30: {=IFERROR(_xlfn.SINGLE(INDEX(Deco!$Y$2:$Y$99,_xlfn.AGGREGATE(15,6,ROW(Deco!$Y$2:$Y$99)-ROW(Deco!$Y$2)+1/(Deco!$W$2:$W$99="HDF"),1))),"")} | C30: =IF(D30="buc",IF(B30<>"",INDEX(Deco!$C$2:$C$99,MATCH(B30,Deco!$Y$2:$Y$99,0)),""),IF(B30<>"",INDEX(Deco!$V$2:$V$99,MATCH(B30,Deco!$Y$2:$Y$99,0)),"")) | D30: =IF(I3="Debitare căntuire", "buc", "mp") -> mp | H30: =CONCATENATE(F30) | J30: =CONCATENATE(F30) | L30: =CONCATENATE(F30) | N30: =CONCATENATE(F30) | P30: =CONCATENATE(F30) | R30: =CONCATENATE(F30)
H31: =CONCATENATE(F31) | J31: =CONCATENATE(F31) | L31: =CONCATENATE(F31) | N31: =CONCATENATE(F31) | P31: =CONCATENATE(F31) | R31: =CONCATENATE(F31)
A32: BLAT DE MASĂ | B32: {=IFERROR(_xlfn.SINGLE(INDEX(Deco!$Y$2:$Y$99,_xlfn.AGGREGATE(15,6,ROW(Deco!$Y$2:$Y$99)-ROW(Deco!$Y$2)+1/((Deco!$W$2:$W$99="Blat")+(Deco!$W$2:$W$99="LC")),1))),"")} | C32: =IF(D32="buc",IF(B32<>"",INDEX(Deco!$C$2:$C$99,MATCH(B32,Deco!$Y$2:$Y$99,0)),""),IF(B32<>"",INDEX(Deco!$V$2:$V$99,MATCH(B32,Deco!$Y$2:$Y$99,0)),"")) | D32: buc | F32: {=IFERROR(INDEX(Cant!$M$2:$M$99,_xlfn.AGGREGATE(15,6,(ROW(Cant!$M$2:$M$99)-ROW(Cant!$M$2)+1)/((Cant!$M$2:$M$99<>"")*(COUNTIF($F$10:F31,Cant!$M$2:$M$99)=0)),1)),"")} | G32: =IF(AND(F32<>"",COUNTIF($F$11:F31,F32)>0),"", IFERROR( IF(AND(F32<>"", SUMIFS(Cant!$I$2:$I$99,Cant!$M$2:$M$99,F32,Cant!$J$2:$J$99,"22/0.4") +SUMIFS(Cant!$I$2:$I$99,Cant!$M$2:$M$99,F32,Cant!$J$2:$J$99,"22/0.5")>0), SUMIFS(Cant!$I$2:$I$99,Cant!$M$2:$M$99,F32,Cant!$J$2:$J$99,"22/0.4") +SUMIFS(Cant!$I$2:$I$99,Cant!$M$2:$M$99,F32,Cant!$J$2:$J$99,"22/0.5"), ""), "")) | H32: =CONCATENATE(F32) | I32: =IF(AND(F32<>"",COUNTIF($F$11:F31,F32)>0),"",IFERROR( IF(AND(H32<>"", SUMIFS(Cant!$I$2:$I$99,Cant!$M$2:$M$99,H32,Cant!$J$2:$J$99,"22/1.0") +SUMIFS(Cant!$I$2:$I$99,Cant!$M$2:$M$99,H32,Cant!$J$2:$J$99,"23/1.0")>0), SUMIFS(Cant!$I$2:$I$99,Cant!$M$2:$M$99,H32,Cant!$J$2:$J$99,"22/1.0") +SUMIFS(Cant!$I$2:$I$99,Cant!$M$2:$M$99,H32,Cant!$J$2:$J$99,"23/1.0"), ""),"")) | J32: =CONCATENATE(F32) | K32: =IF(AND(F32<>"",COUNTIF($F$11:F31,F32)>0),"",IFERROR(IF(AND(J32<>"",SUMIFS(Cant!$I$2:$I$99,Cant!$M$2:$M$99,J32,Cant!$J$2:$J$99,"23/0.8")>0),SUMIFS(Cant!$I$2:$I$99,Cant!$M$2:$M$99,J32,Cant!$J$2:$J$99,"23/0.8"),""),"")) | L32: =CONCATENATE(F32) | M32: =IF(AND(F32<>"",COUNTIF($F$11:F31,F32)>0),"",IFERROR(IF(AND(L32<>"",SUMIFS(Cant!$I$2:$I$99,Cant!$M$2:$M$99,L32,Cant!$J$2:$J$99,"23/2.0")>0),SUMIFS(Cant!$I$2:$I$99,Cant!$M$2:$M$99,L32,Cant!$J$2:$J$99,"23/2.0"),""),"")) | N32: =CONCATENATE(F32) | O32: =IF(AND(F32<>"",COUNTIF($F$11:F31,F32)>0),"",IFERROR(IF(COUNTIF(F$11:F$22,N32)>0,"",IF(AND(N32<>"",SUMIFS(Cant!$I$2:$I$100,Cant!$M$2:$M$100,N32,Cant!$J$2:$J$100,"43/1.0")+SUMIFS(Cant!$I$2:$I$99,Cant!$M$2:$M$99,N32,Cant!$J$2:$J$99,"43/0.8")+SUMIFS(Cant!$I$2:$I$99,Cant!$M$2:$M$99,N32,Cant!$J$2:$J$99,"42/1.0")>0),SUMIFS(Cant!$I$2:$I$100,Cant!$M$2:$M$100,N32,Cant!$J$2:$J$100,"43/1.0")+SUMIFS(Cant!$I$2:$I$99,Cant!$M$2:$M$99,N32,Cant!$J$2:$J$99,"43/0.8")+SUMIFS(Cant!$I$2:$I$99,Cant!$M$2:$M$99,N32,Cant!$J$2:$J$99,"42/1.0"),"")),"")) | P32: =CONCATENATE(F32) | Q32: =IF(AND(F32<>"",COUNTIF($F$11:F31,F32)>0),"",IFERROR(IF(COUNTIF(F$11:F$22,P32)>0,"",IF(AND(P32<>"",SUMIFS(Cant!$I$2:$I$100,Cant!$M$2:$M$100,P32,Cant!$J$2:$J$100,"43/1.5")+SUMIFS(Cant!$I$2:$I$100,Cant!$M$2:$M$100,P32,Cant!$J$2:$J$100,"24/1.5")>0),SUMIFS(Cant!$I$2:$I$100,Cant!$M$2:$M$100,P32,Cant!$J$2:$J$100,"43/1.5")+SUMIFS(Cant!$I$2:$I$100,Cant!$M$2:$M$100,P32,Cant!$J$2:$J$100,"24/1.5"),"")),"")) | R32: =CONCATENATE(F32) | S32: =IF(AND(F32<>"",COUNTIF($F$11:F31,F32)>0),"",IFERROR(IF(AND(R32<>"",SUMIFS(Cant!$I$2:$I$99,Cant!$M$2:$M$99,R32,Cant!$J$2:$J$99,"43/2.0")>0),SUMIFS(Cant!$I$2:$I$99,Cant!$M$2:$M$99,R32,Cant!$J$2:$J$99,"43/2.0"),""),""))
B33: {=IFERROR(_xlfn.SINGLE(INDEX(Deco!$Y$2:$Y$99,_xlfn.AGGREGATE(15,6,ROW(Deco!$Y$2:$Y$99)-ROW(Deco!$Y$2)+1/((Deco!$W$2:$W$99="Blat")+(Deco!$W$2:$W$99="LC")),2))),"")} | C33: =IF(D33="buc",IF(B33<>"",INDEX(Deco!$C$2:$C$99,MATCH(B33,Deco!$Y$2:$Y$99,0)),""),IF(B33<>"",INDEX(Deco!$V$2:$V$99,MATCH(B33,Deco!$Y$2:$Y$99,0)),"")) | D33: buc | F33: {=IFERROR(INDEX(Cant!$M$2:$M$99,_xlfn.AGGREGATE(15,6,(ROW(Cant!$M$2:$M$99)-ROW(Cant!$M$2)+1)/((Cant!$M$2:$M$99<>"")*(COUNTIF($F$10:F32,Cant!$M$2:$M$99)=0)),1)),"")} | G33: =IF(AND(F33<>"",COUNTIF($F$11:F32,F33)>0),"", IFERROR( IF(AND(F33<>"", SUMIFS(Cant!$I$2:$I$99,Cant!$M$2:$M$99,F33,Cant!$J$2:$J$99,"22/0.4") +SUMIFS(Cant!$I$2:$I$99,Cant!$M$2:$M$99,F33,Cant!$J$2:$J$99,"22/0.5")>0), SUMIFS(Cant!$I$2:$I$99,Cant!$M$2:$M$99,F33,Cant!$J$2:$J$99,"22/0.4") +SUMIFS(Cant!$I$2:$I$99,Cant!$M$2:$M$99,F33,Cant!$J$2:$J$99,"22/0.5"), ""), "")) | H33: =CONCATENATE(F33) | I33: =IF(AND(F33<>"",COUNTIF($F$11:F32,F33)>0),"",IFERROR( IF(AND(H33<>"", SUMIFS(Cant!$I$2:$I$99,Cant!$M$2:$M$99,H33,Cant!$J$2:$J$99,"22/1.0") +SUMIFS(Cant!$I$2:$I$99,Cant!$M$2:$M$99,H33,Cant!$J$2:$J$99,"23/1.0")>0), SUMIFS(Cant!$I$2:$I$99,Cant!$M$2:$M$99,H33,Cant!$J$2:$J$99,"22/1.0") +SUMIFS(Cant!$I$2:$I$99,Cant!$M$2:$M$99,H33,Cant!$J$2:$J$99,"23/1.0"), ""),"")) | J33: =CONCATENATE(F33) | K33: =IF(AND(F33<>"",COUNTIF($F$11:F32,F33)>0),"",IFERROR(IF(AND(J33<>"",SUMIFS(Cant!$I$2:$I$99,Cant!$M$2:$M$99,J33,Cant!$J$2:$J$99,"23/0.8")>0),SUMIFS(Cant!$I$2:$I$99,Cant!$M$2:$M$99,J33,Cant!$J$2:$J$99,"23/0.8"),""),"")) | L33: =CONCATENATE(F33) | M33: =IF(AND(F33<>"",COUNTIF($F$11:F32,F33)>0),"",IFERROR(IF(AND(L33<>"",SUMIFS(Cant!$I$2:$I$99,Cant!$M$2:$M$99,L33,Cant!$J$2:$J$99,"23/2.0")>0),SUMIFS(Cant!$I$2:$I$99,Cant!$M$2:$M$99,L33,Cant!$J$2:$J$99,"23/2.0"),""),"")) | N33: =CONCATENATE(F33) | O33: =IF(AND(F33<>"",COUNTIF($F$11:F32,F33)>0),"",IFERROR(IF(COUNTIF(F$11:F$22,N33)>0,"",IF(AND(N33<>"",SUMIFS(Cant!$I$2:$I$100,Cant!$M$2:$M$100,N33,Cant!$J$2:$J$100,"43/1.0")+SUMIFS(Cant!$I$2:$I$99,Cant!$M$2:$M$99,N33,Cant!$J$2:$J$99,"43/0.8")+SUMIFS(Cant!$I$2:$I$99,Cant!$M$2:$M$99,N33,Cant!$J$2:$J$99,"42/1.0")>0),SUMIFS(Cant!$I$2:$I$100,Cant!$M$2:$M$100,N33,Cant!$J$2:$J$100,"43/1.0")+SUMIFS(Cant!$I$2:$I$99,Cant!$M$2:$M$99,N33,Cant!$J$2:$J$99,"43/0.8")+SUMIFS(Cant!$I$2:$I$99,Cant!$M$2:$M$99,N33,Cant!$J$2:$J$99,"42/1.0"),"")),"")) | P33: =CONCATENATE(F33) | Q33: =IF(AND(F33<>"",COUNTIF($F$11:F32,F33)>0),"",IFERROR(IF(COUNTIF(F$11:F$22,P33)>0,"",IF(AND(P33<>"",SUMIFS(Cant!$I$2:$I$100,Cant!$M$2:$M$100,P33,Cant!$J$2:$J$100,"43/1.5")+SUMIFS(Cant!$I$2:$I$100,Cant!$M$2:$M$100,P33,Cant!$J$2:$J$100,"24/1.5")>0),SUMIFS(Cant!$I$2:$I$100,Cant!$M$2:$M$100,P33,Cant!$J$2:$J$100,"43/1.5")+SUMIFS(Cant!$I$2:$I$100,Cant!$M$2:$M$100,P33,Cant!$J$2:$J$100,"24/1.5"),"")),"")) | R33: =CONCATENATE(F33) | S33: =IF(AND(F33<>"",COUNTIF($F$11:F32,F33)>0),"",IFERROR(IF(AND(R33<>"",SUMIFS(Cant!$I$2:$I$99,Cant!$M$2:$M$99,R33,Cant!$J$2:$J$99,"43/2.0")>0),SUMIFS(Cant!$I$2:$I$99,Cant!$M$2:$M$99,R33,Cant!$J$2:$J$99,"43/2.0"),""),""))
B34: {=IFERROR(_xlfn.SINGLE(INDEX(Deco!$Y$2:$Y$99,_xlfn.AGGREGATE(15,6,ROW(Deco!$Y$2:$Y$99)-ROW(Deco!$Y$2)+1/((Deco!$W$2:$W$99="Blat")+(Deco!$W$2:$W$99="LC")),3))),"")} | C34: =IF(D34="buc",IF(B34<>"",INDEX(Deco!$C$2:$C$99,MATCH(B34,Deco!$Y$2:$Y$99,0)),""),IF(B34<>"",INDEX(Deco!$V$2:$V$99,MATCH(B34,Deco!$Y$2:$Y$99,0)),"")) | D34: buc | F34: {=IFERROR(INDEX(Cant!$M$2:$M$99,_xlfn.AGGREGATE(15,6,(ROW(Cant!$M$2:$M$99)-ROW(Cant!$M$2)+1)/((Cant!$M$2:$M$99<>"")*(COUNTIF($F$10:F33,Cant!$M$2:$M$99)=0)),1)),"")} | G34: =IF(AND(F34<>"",COUNTIF($F$11:F33,F34)>0),"", IFERROR( IF(AND(F34<>"", SUMIFS(Cant!$I$2:$I$99,Cant!$M$2:$M$99,F34,Cant!$J$2:$J$99,"22/0.4") +SUMIFS(Cant!$I$2:$I$99,Cant!$M$2:$M$99,F34,Cant!$J$2:$J$99,"22/0.5")>0), SUMIFS(Cant!$I$2:$I$99,Cant!$M$2:$M$99,F34,Cant!$J$2:$J$99,"22/0.4") +SUMIFS(Cant!$I$2:$I$99,Cant!$M$2:$M$99,F34,Cant!$J$2:$J$99,"22/0.5"), ""), "")) | H34: =CONCATENATE(F34) | I34: =IF(AND(F34<>"",COUNTIF($F$11:F33,F34)>0),"",IFERROR( IF(AND(H34<>"", SUMIFS(Cant!$I$2:$I$99,Cant!$M$2:$M$99,H34,Cant!$J$2:$J$99,"22/1.0") +SUMIFS(Cant!$I$2:$I$99,Cant!$M$2:$M$99,H34,Cant!$J$2:$J$99,"23/1.0")>0), SUMIFS(Cant!$I$2:$I$99,Cant!$M$2:$M$99,H34,Cant!$J$2:$J$99,"22/1.0") +SUMIFS(Cant!$I$2:$I$99,Cant!$M$2:$M$99,H34,Cant!$J$2:$J$99,"23/1.0"), ""),"")) | J34: =CONCATENATE(F34) | K34: =IF(AND(F34<>"",COUNTIF($F$11:F33,F34)>0),"",IFERROR(IF(AND(J34<>"",SUMIFS(Cant!$I$2:$I$99,Cant!$M$2:$M$99,J34,Cant!$J$2:$J$99,"23/0.8")>0),SUMIFS(Cant!$I$2:$I$99,Cant!$M$2:$M$99,J34,Cant!$J$2:$J$99,"23/0.8"),""),"")) | L34: =CONCATENATE(F34) | M34: =IF(AND(F34<>"",COUNTIF($F$11:F33,F34)>0),"",IFERROR(IF(AND(L34<>"",SUMIFS(Cant!$I$2:$I$99,Cant!$M$2:$M$99,L34,Cant!$J$2:$J$99,"23/2.0")>0),SUMIFS(Cant!$I$2:$I$99,Cant!$M$2:$M$99,L34,Cant!$J$2:$J$99,"23/2.0"),""),"")) | N34: =CONCATENATE(F34) | O34: =IF(AND(F34<>"",COUNTIF($F$11:F33,F34)>0),"",IFERROR(IF(COUNTIF(F$11:F$22,N34)>0,"",IF(AND(N34<>"",SUMIFS(Cant!$I$2:$I$100,Cant!$M$2:$M$100,N34,Cant!$J$2:$J$100,"43/1.0")+SUMIFS(Cant!$I$2:$I$99,Cant!$M$2:$M$99,N34,Cant!$J$2:$J$99,"43/0.8")+SUMIFS(Cant!$I$2:$I$99,Cant!$M$2:$M$99,N34,Cant!$J$2:$J$99,"42/1.0")>0),SUMIFS(Cant!$I$2:$I$100,Cant!$M$2:$M$100,N34,Cant!$J$2:$J$100,"43/1.0")+SUMIFS(Cant!$I$2:$I$99,Cant!$M$2:$M$99,N34,Cant!$J$2:$J$99,"43/0.8")+SUMIFS(Cant!$I$2:$I$99,Cant!$M$2:$M$99,N34,Cant!$J$2:$J$99,"42/1.0"),"")),"")) | P34: =CONCATENATE(F34) | Q34: =IF(AND(F34<>"",COUNTIF($F$11:F33,F34)>0),"",IFERROR(IF(COUNTIF(F$11:F$22,P34)>0,"",IF(AND(P34<>"",SUMIFS(Cant!$I$2:$I$100,Cant!$M$2:$M$100,P34,Cant!$J$2:$J$100,"43/1.5")+SUMIFS(Cant!$I$2:$I$100,Cant!$M$2:$M$100,P34,Cant!$J$2:$J$100,"24/1.5")>0),SUMIFS(Cant!$I$2:$I$100,Cant!$M$2:$M$100,P34,Cant!$J$2:$J$100,"43/1.5")+SUMIFS(Cant!$I$2:$I$100,Cant!$M$2:$M$100,P34,Cant!$J$2:$J$100,"24/1.5"),"")),"")) | R34: =CONCATENATE(F34) | S34: =IF(AND(F34<>"",COUNTIF($F$11:F33,F34)>0),"",IFERROR(IF(AND(R34<>"",SUMIFS(Cant!$I$2:$I$99,Cant!$M$2:$M$99,R34,Cant!$J$2:$J$99,"43/2.0")>0),SUMIFS(Cant!$I$2:$I$99,Cant!$M$2:$M$99,R34,Cant!$J$2:$J$99,"43/2.0"),""),""))
H35: =CONCATENATE(F35) | J35: =CONCATENATE(F35) | L35: =CONCATENATE(F35) | N35: =CONCATENATE(F35) | P35: =CONCATENATE(F35) | R35: =CONCATENATE(F35)
A36: PANOURI SPATE | B36: {=IFERROR(_xlfn.SINGLE(INDEX(Deco!$Y$2:$Y$99,_xlfn.AGGREGATE(15,6,ROW(Deco!$Y$2:$Y$99)-ROW(Deco!$Y$2)+1/(Deco!$W$2:$W$99="PS"),1))),"")} | C36: =IF(D36="buc",IF(B36<>"",INDEX(Deco!$C$2:$C$99,MATCH(B36,Deco!$Y$2:$Y$99,0)),""),IF(B36<>"",INDEX(Deco!$V$2:$V$99,MATCH(B36,Deco!$Y$2:$Y$99,0)),"")) | D36: buc | F36: {=IFERROR(INDEX(Cant!$M$2:$M$99,_xlfn.AGGREGATE(15,6,(ROW(Cant!$M$2:$M$99)-ROW(Cant!$M$2)+1)/((Cant!$M$2:$M$99<>"")*(COUNTIF($F$10:F35,Cant!$M$2:$M$99)=0)),1)),"")} | G36: =IF(AND(F36<>"",COUNTIF($F$11:F35,F36)>0),"", IFERROR( IF(AND(F36<>"", SUMIFS(Cant!$I$2:$I$99,Cant!$M$2:$M$99,F36,Cant!$J$2:$J$99,"22/0.4") +SUMIFS(Cant!$I$2:$I$99,Cant!$M$2:$M$99,F36,Cant!$J$2:$J$99,"22/0.5")>0), SUMIFS(Cant!$I$2:$I$99,Cant!$M$2:$M$99,F36,Cant!$J$2:$J$99,"22/0.4") +SUMIFS(Cant!$I$2:$I$99,Cant!$M$2:$M$99,F36,Cant!$J$2:$J$99,"22/0.5"), ""), "")) | H36: =CONCATENATE(F36) | I36: =IF(AND(F36<>"",COUNTIF($F$11:F35,F36)>0),"",IFERROR( IF(AND(H36<>"", SUMIFS(Cant!$I$2:$I$99,Cant!$M$2:$M$99,H36,Cant!$J$2:$J$99,"22/1.0") +SUMIFS(Cant!$I$2:$I$99,Cant!$M$2:$M$99,H36,Cant!$J$2:$J$99,"23/1.0")>0), SUMIFS(Cant!$I$2:$I$99,Cant!$M$2:$M$99,H36,Cant!$J$2:$J$99,"22/1.0") +SUMIFS(Cant!$I$2:$I$99,Cant!$M$2:$M$99,H36,Cant!$J$2:$J$99,"23/1.0"), ""),"")) | J36: =CONCATENATE(F36) | K36: =IF(AND(F36<>"",COUNTIF($F$11:F35,F36)>0),"",IFERROR(IF(AND(J36<>"",SUMIFS(Cant!$I$2:$I$99,Cant!$M$2:$M$99,J36,Cant!$J$2:$J$99,"23/0.8")>0),SUMIFS(Cant!$I$2:$I$99,Cant!$M$2:$M$99,J36,Cant!$J$2:$J$99,"23/0.8"),""),"")) | L36: =CONCATENATE(F36) | M36: =IF(AND(F36<>"",COUNTIF($F$11:F35,F36)>0),"",IFERROR(IF(AND(L36<>"",SUMIFS(Cant!$I$2:$I$99,Cant!$M$2:$M$99,L36,Cant!$J$2:$J$99,"23/2.0")>0),SUMIFS(Cant!$I$2:$I$99,Cant!$M$2:$M$99,L36,Cant!$J$2:$J$99,"23/2.0"),""),"")) | N36: =CONCATENATE(F36) | O36: =IF(AND(F36<>"",COUNTIF($F$11:F35,F36)>0),"",IFERROR(IF(COUNTIF(H$11:H$22,N36)>0,"",IF(AND(N36<>"",SUMIFS(Cant!$I$2:$I$100,Cant!$M$2:$M$100,N36,Cant!$J$2:$J$100,"43/1.0")+SUMIFS(Cant!$I$2:$I$99,Cant!$M$2:$M$99,N36,Cant!$J$2:$J$99,"43/0.8")+SUMIFS(Cant!$I$2:$I$99,Cant!$M$2:$M$99,N36,Cant!$J$2:$J$99,"42/1.0")>0),SUMIFS(Cant!$I$2:$I$100,Cant!$M$2:$M$100,N36,Cant!$J$2:$J$100,"43/1.0")+SUMIFS(Cant!$I$2:$I$99,Cant!$M$2:$M$99,N36,Cant!$J$2:$J$99,"43/0.8")+SUMIFS(Cant!$I$2:$I$99,Cant!$M$2:$M$99,N36,Cant!$J$2:$J$99,"42/1.0"),"")),"")) | P36: =CONCATENATE(F36) | Q36: =IF(AND(F36<>"",COUNTIF($F$11:F35,F36)>0),"",IFERROR(IF(COUNTIF(F$11:F$22,P36)>0,"",IF(AND(P36<>"",SUMIFS(Cant!$I$2:$I$100,Cant!$M$2:$M$100,P36,Cant!$J$2:$J$100,"43/1.5")+SUMIFS(Cant!$I$2:$I$100,Cant!$M$2:$M$100,P36,Cant!$J$2:$J$100,"24/1.5")>0),SUMIFS(Cant!$I$2:$I$100,Cant!$M$2:$M$100,P36,Cant!$J$2:$J$100,"43/1.5")+SUMIFS(Cant!$I$2:$I$100,Cant!$M$2:$M$100,P36,Cant!$J$2:$J$100,"24/1.5"),"")),"")) | R36: =CONCATENATE(F36) | S36: =IF(AND(F36<>"",COUNTIF($F$11:F35,F36)>0),"",IFERROR(IF(AND(R36<>"",SUMIFS(Cant!$I$2:$I$99,Cant!$M$2:$M$99,R36,Cant!$J$2:$J$99,"43/2.0")>0),SUMIFS(Cant!$I$2:$I$99,Cant!$M$2:$M$99,R36,Cant!$J$2:$J$99,"43/2.0"),""),""))
B37: {=IFERROR(_xlfn.SINGLE(INDEX(Deco!$Y$2:$Y$99,_xlfn.AGGREGATE(15,6,ROW(Deco!$Y$2:$Y$99)-ROW(Deco!$Y$2)+1/(Deco!$W$2:$W$99="PS"),2))),"")} | C37: =IF(D37="buc",IF(B37<>"",INDEX(Deco!$C$2:$C$99,MATCH(B37,Deco!$Y$2:$Y$99,0)),""),IF(B37<>"",INDEX(Deco!$V$2:$V$99,MATCH(B37,Deco!$Y$2:$Y$99,0)),"")) | D37: buc | F37: {=IFERROR(INDEX(Cant!$M$2:$M$99,_xlfn.AGGREGATE(15,6,(ROW(Cant!$M$2:$M$99)-ROW(Cant!$M$2)+1)/((Cant!$M$2:$M$99<>"")*(COUNTIF($F$10:F36,Cant!$M$2:$M$99)=0)),1)),"")} | G37: =IF(AND(F37<>"",COUNTIF($F$11:F36,F37)>0),"", IFERROR( IF(AND(F37<>"", SUMIFS(Cant!$I$2:$I$99,Cant!$M$2:$M$99,F37,Cant!$J$2:$J$99,"22/0.4") +SUMIFS(Cant!$I$2:$I$99,Cant!$M$2:$M$99,F37,Cant!$J$2:$J$99,"22/0.5")>0), SUMIFS(Cant!$I$2:$I$99,Cant!$M$2:$M$99,F37,Cant!$J$2:$J$99,"22/0.4") +SUMIFS(Cant!$I$2:$I$99,Cant!$M$2:$M$99,F37,Cant!$J$2:$J$99,"22/0.5"), ""), "")) | H37: =CONCATENATE(F37) | I37: =IF(AND(F37<>"",COUNTIF($F$11:F36,F37)>0),"",IFERROR( IF(AND(H37<>"", SUMIFS(Cant!$I$2:$I$99,Cant!$M$2:$M$99,H37,Cant!$J$2:$J$99,"22/1.0") +SUMIFS(Cant!$I$2:$I$99,Cant!$M$2:$M$99,H37,Cant!$J$2:$J$99,"23/1.0")>0), SUMIFS(Cant!$I$2:$I$99,Cant!$M$2:$M$99,H37,Cant!$J$2:$J$99,"22/1.0") +SUMIFS(Cant!$I$2:$I$99,Cant!$M$2:$M$99,H37,Cant!$J$2:$J$99,"23/1.0"), ""),"")) | J37: =CONCATENATE(F37) | K37: =IF(AND(F37<>"",COUNTIF($F$11:F36,F37)>0),"",IFERROR(IF(AND(J37<>"",SUMIFS(Cant!$I$2:$I$99,Cant!$M$2:$M$99,J37,Cant!$J$2:$J$99,"23/0.8")>0),SUMIFS(Cant!$I$2:$I$99,Cant!$M$2:$M$99,J37,Cant!$J$2:$J$99,"23/0.8"),""),"")) | L37: =CONCATENATE(F37) | M37: =IF(AND(F37<>"",COUNTIF($F$11:F36,F37)>0),"",IFERROR(IF(AND(L37<>"",SUMIFS(Cant!$I$2:$I$99,Cant!$M$2:$M$99,L37,Cant!$J$2:$J$99,"23/2.0")>0),SUMIFS(Cant!$I$2:$I$99,Cant!$M$2:$M$99,L37,Cant!$J$2:$J$99,"23/2.0"),""),"")) | N37: =CONCATENATE(F37) | O37: =IF(AND(F37<>"",COUNTIF($F$11:F36,F37)>0),"",IFERROR(IF(COUNTIF(H$11:H$22,N37)>0,"",IF(AND(N37<>"",SUMIFS(Cant!$I$2:$I$100,Cant!$M$2:$M$100,N37,Cant!$J$2:$J$100,"43/1.0")+SUMIFS(Cant!$I$2:$I$99,Cant!$M$2:$M$99,N37,Cant!$J$2:$J$99,"43/0.8")+SUMIFS(Cant!$I$2:$I$99,Cant!$M$2:$M$99,N37,Cant!$J$2:$J$99,"42/1.0")>0),SUMIFS(Cant!$I$2:$I$100,Cant!$M$2:$M$100,N37,Cant!$J$2:$J$100,"43/1.0")+SUMIFS(Cant!$I$2:$I$99,Cant!$M$2:$M$99,N37,Cant!$J$2:$J$99,"43/0.8")+SUMIFS(Cant!$I$2:$I$99,Cant!$M$2:$M$99,N37,Cant!$J$2:$J$99,"42/1.0"),"")),"")) | P37: =CONCATENATE(F37) | Q37: =IF(AND(F37<>"",COUNTIF($F$11:F36,F37)>0),"",IFERROR(IF(COUNTIF(F$11:F$22,P37)>0,"",IF(AND(P37<>"",SUMIFS(Cant!$I$2:$I$100,Cant!$M$2:$M$100,P37,Cant!$J$2:$J$100,"43/1.5")+SUMIFS(Cant!$I$2:$I$100,Cant!$M$2:$M$100,P37,Cant!$J$2:$J$100,"24/1.5")>0),SUMIFS(Cant!$I$2:$I$100,Cant!$M$2:$M$100,P37,Cant!$J$2:$J$100,"43/1.5")+SUMIFS(Cant!$I$2:$I$100,Cant!$M$2:$M$100,P37,Cant!$J$2:$J$100,"24/1.5"),"")),"")) | R37: =CONCATENATE(F37) | S37: =IF(AND(F37<>"",COUNTIF($F$11:F36,F37)>0),"",IFERROR(IF(AND(R37<>"",SUMIFS(Cant!$I$2:$I$99,Cant!$M$2:$M$99,R37,Cant!$J$2:$J$99,"43/2.0")>0),SUMIFS(Cant!$I$2:$I$99,Cant!$M$2:$M$99,R37,Cant!$J$2:$J$99,"43/2.0"),""),""))
B38: {=IFERROR(_xlfn.SINGLE(INDEX(Deco!$Y$2:$Y$99,_xlfn.AGGREGATE(15,6,ROW(Deco!$Y$2:$Y$99)-ROW(Deco!$Y$2)+1/(Deco!$W$2:$W$99="PS"),3))),"")} | C38: =IF(D38="buc",IF(B38<>"",INDEX(Deco!$C$2:$C$99,MATCH(B38,Deco!$Y$2:$Y$99,0)),""),IF(B38<>"",INDEX(Deco!$V$2:$V$99,MATCH(B38,Deco!$Y$2:$Y$99,0)),"")) | D38: buc | F38: {=IFERROR(INDEX(Cant!$M$2:$M$99,_xlfn.AGGREGATE(15,6,(ROW(Cant!$M$2:$M$99)-ROW(Cant!$M$2)+1)/((Cant!$M$2:$M$99<>"")*(COUNTIF($F$10:F37,Cant!$M$2:$M$99)=0)),1)),"")} | G38: =IF(AND(F38<>"",COUNTIF($F$11:F37,F38)>0),"", IFERROR( IF(AND(F37<>"", SUMIFS(Cant!$I$2:$I$99,Cant!$M$2:$M$99,F38,Cant!$J$2:$J$99,"22/0.4") +SUMIFS(Cant!$I$2:$I$99,Cant!$M$2:$M$99,F38,Cant!$J$2:$J$99,"22/0.5")>0), SUMIFS(Cant!$I$2:$I$99,Cant!$M$2:$M$99,F38,Cant!$J$2:$J$99,"22/0.4") +SUMIFS(Cant!$I$2:$I$99,Cant!$M$2:$M$99,F38,Cant!$J$2:$J$99,"22/0.5"), ""), "")) | H38: =CONCATENATE(F38) | I38: =IF(AND(F38<>"",COUNTIF($F$11:F37,F38)>0),"",IFERROR( IF(AND(H38<>"", SUMIFS(Cant!$I$2:$I$99,Cant!$M$2:$M$99,H38,Cant!$J$2:$J$99,"22/1.0") +SUMIFS(Cant!$I$2:$I$99,Cant!$M$2:$M$99,H38,Cant!$J$2:$J$99,"23/1.0")>0), SUMIFS(Cant!$I$2:$I$99,Cant!$M$2:$M$99,H38,Cant!$J$2:$J$99,"22/1.0") +SUMIFS(Cant!$I$2:$I$99,Cant!$M$2:$M$99,H38,Cant!$J$2:$J$99,"23/1.0"), ""),"")) | J38: =CONCATENATE(F38) | K38: =IF(AND(F38<>"",COUNTIF($F$11:F37,F38)>0),"",IFERROR(IF(AND(J38<>"",SUMIFS(Cant!$I$2:$I$99,Cant!$M$2:$M$99,J38,Cant!$J$2:$J$99,"23/0.8")>0),SUMIFS(Cant!$I$2:$I$99,Cant!$M$2:$M$99,J38,Cant!$J$2:$J$99,"23/0.8"),""),"")) | L38: =CONCATENATE(F38) | M38: =IF(AND(F38<>"",COUNTIF($F$11:F37,F38)>0),"",IFERROR(IF(AND(L38<>"",SUMIFS(Cant!$I$2:$I$99,Cant!$M$2:$M$99,L38,Cant!$J$2:$J$99,"23/2.0")>0),SUMIFS(Cant!$I$2:$I$99,Cant!$M$2:$M$99,L38,Cant!$J$2:$J$99,"23/2.0"),""),"")) | N38: =CONCATENATE(F38) | O38: =IF(AND(F38<>"",COUNTIF($F$11:F37,F38)>0),"",IFERROR(IF(COUNTIF(H$11:H$22,N38)>0,"",IF(AND(N38<>"",SUMIFS(Cant!$I$2:$I$100,Cant!$M$2:$M$100,N38,Cant!$J$2:$J$100,"43/1.0")+SUMIFS(Cant!$I$2:$I$99,Cant!$M$2:$M$99,N38,Cant!$J$2:$J$99,"43/0.8")+SUMIFS(Cant!$I$2:$I$99,Cant!$M$2:$M$99,N38,Cant!$J$2:$J$99,"42/1.0")>0),SUMIFS(Cant!$I$2:$I$100,Cant!$M$2:$M$100,N38,Cant!$J$2:$J$100,"43/1.0")+SUMIFS(Cant!$I$2:$I$99,Cant!$M$2:$M$99,N38,Cant!$J$2:$J$99,"43/0.8")+SUMIFS(Cant!$I$2:$I$99,Cant!$M$2:$M$99,N38,Cant!$J$2:$J$99,"42/1.0"),"")),"")) | P38: =CONCATENATE(F38) | Q38: =IF(AND(F38<>"",COUNTIF($F$11:F37,F38)>0),"",IFERROR(IF(COUNTIF(F$11:F$22,P38)>0,"",IF(AND(P38<>"",SUMIFS(Cant!$I$2:$I$100,Cant!$M$2:$M$100,P38,Cant!$J$2:$J$100,"43/1.5")+SUMIFS(Cant!$I$2:$I$100,Cant!$M$2:$M$100,P38,Cant!$J$2:$J$100,"24/1.5")>0),SUMIFS(Cant!$I$2:$I$100,Cant!$M$2:$M$100,P38,Cant!$J$2:$J$100,"43/1.5")+SUMIFS(Cant!$I$2:$I$100,Cant!$M$2:$M$100,P38,Cant!$J$2:$J$100,"24/1.5"),"")),"")) | R38: =CONCATENATE(F38) | S38: =IF(AND(F38<>"",COUNTIF($F$11:F37,F38)>0),"",IFERROR(IF(AND(R38<>"",SUMIFS(Cant!$I$2:$I$99,Cant!$M$2:$M$99,R38,Cant!$J$2:$J$99,"43/2.0")>0),SUMIFS(Cant!$I$2:$I$99,Cant!$M$2:$M$99,R38,Cant!$J$2:$J$99,"43/2.0"),""),""))
A40: SERVICII | B40: Denumire | C40: Cant. | D40: U.M. | F40: Aplicare ABS (ml)
B41: Debitare Pal | C41: =IF(SUMIF(Taiere!I2:I99,"PAL",Taiere!C2:C99)+SUMIF(Taiere!I2:I99,"DB PAL",Taiere!C2:C99)=0,"",SUMIF(Taiere!I2:I99,"PAL",Taiere!C2:C99)+SUMIF(Taiere!I2:I99,"DB PAL",Taiere!C2:C99)) | D41: ml | F41: 22/0.4 | G41: =SUM(G11:G29)+SUM(G32:G38) -> 0 | H41: 22/1 | I41: =SUM(I11:I29)+SUM(I32:I38) -> 0 | J41: 23/0.8 | K41: =SUM(K11:K29)+SUM(K32:K38) -> 0 | L41: 23/2 | M41: =SUM(M11:M29)+SUM(M32:M38) -> 0 | N41: 43/1 | O41: =SUM(O11:O29)+SUM(O32:O38) -> 0 | P41: 43/1.5 | Q41: =SUM(Q11:Q29)+SUM(Q32:Q38) -> 0 | R41: 43/2 | S41: =SUM(S11:S29)+SUM(S32:S38) -> 0
B42: Debitare Cleaf | C42: =IF(SUMIF(Taiere!I2:I99,"CLEAF",Taiere!C2:C99)=0,"",(SUMIF(Taiere!I2:I99,"CLEAF",Taiere!C2:C99))) | D42: ml | S42: =IF(COUNTIF(Deco!AA2:AA34,"Vezi EK")>0,0,1) -> 1
B43: Deb Blat / 600 | C43: =IF(SUMIF(B32:B34, "*/600", C32:C34) + SUMIF(B32:B34, "*/650", C32:C34)=0, "",SUMIF(B32:B34, "*/600", C32:C34) + SUMIF(B32:B34, "*/650", C32:C34)) | D43: buc | F43: =IF(COUNTIF(Deco!AA2:AA34,"Vezi EK")>0,"Atentie! Verifica EK dublaje","Nr. Piese Dublaje") -> Nr. Piese Dublaje
B44: Deb Blat / 920 | C44: =IF(SUMIF(B32:B34, "*/920", C32:C34)=0, "",SUMIF(B32:B34, "*/920", C32:C34)) | D44: buc | F44: Decor | G44: Cant. | H44: Decor | I44: Cant. | J44: Decor | K44: Cant. | L44: Decor | M44: Cant. | N44: Decor | O44: Cant. | P44: Decor | Q44: Cant. | R44: Decor | S44: Cant.
B45: Debitare Panou | C45: =IF(SUM(C36:C38)=0,"",SUM(C36:C38)) | D45: =IF(I3="Mobilier în Roomdesigner", "ml", "buc") -> buc | F45: =IFERROR(INDEX( Deco!$Z$2:$Z$100, _xlfn.AGGREGATE( 15,6, ROW(Deco!$Z$2:$Z$100)-ROW(Deco!$Z$2)+1/ ((Deco!$W$2:$W$100="DB PAL")+(Deco!$W$2:$W$100="DB MDF")), 1 ) ), "") | G45: =IFERROR(IF(F45<>"",INDEX(Deco!$V$2:$V$100,MATCH(F45,Deco!$Z$2:$Z$100,0))*2,""),"") | H45: {=IFERROR(_xlfn.SINGLE(INDEX( Deco!$Z$2:$Z$100, _xlfn.AGGREGATE( 15,6, ROW(Deco!$Z$2:$Z$100)-ROW(Deco!$Z$2)+1/ ((Deco!$W$2:$W$100="DB PAL")+(Deco!$W$2:$W$100="DB MDF")), 2 ) )), "")} | I45: =IFERROR(IF(H45<>"",INDEX(Deco!$V$2:$V$100,MATCH(H45,Deco!$Z$2:$Z$100,0))*2,""),"") | J45: {=IFERROR(_xlfn.SINGLE(INDEX( Deco!$Z$2:$Z$100, _xlfn.AGGREGATE( 15,6, ROW(Deco!$Z$2:$Z$100)-ROW(Deco!$Z$2)+1/ ((Deco!$W$2:$W$100="DB PAL")+(Deco!$W$2:$W$100="DB MDF")), 3 ) )), "")} | K45: =IFERROR(IF(J45<>"",INDEX(Deco!$V$2:$V$100,MATCH(J45,Deco!$Z$2:$Z$100,0))*2,""),"") | L45: {=IFERROR(_xlfn.SINGLE(INDEX( Deco!$Z$2:$Z$100, _xlfn.AGGREGATE( 15,6, ROW(Deco!$Z$2:$Z$100)-ROW(Deco!$Z$2)+1/ ((Deco!$W$2:$W$100="DB PAL")+(Deco!$W$2:$W$100="DB MDF")), 4 ) )), "")} | M45: =IFERROR(IF(L45<>"",INDEX(Deco!$V$2:$V$100,MATCH(L45,Deco!$Z$2:$Z$100,0))*2,""),"") | N45: {=IFERROR(_xlfn.SINGLE(INDEX( Deco!$Z$2:$Z$100, _xlfn.AGGREGATE( 15,6, ROW(Deco!$Z$2:$Z$100)-ROW(Deco!$Z$2)+1/ ((Deco!$W$2:$W$100="DB PAL")+(Deco!$W$2:$W$100="DB MDF")), 5 ) )), "")} | O45: =IFERROR(IF(N45<>"",INDEX(Deco!$V$2:$V$100,MATCH(N45,Deco!$Z$2:$Z$100,0))*2,""),"") | P45: {=IFERROR(_xlfn.SINGLE(INDEX( Deco!$Z$2:$Z$100, _xlfn.AGGREGATE( 15,6, ROW(Deco!$Z$2:$Z$100)-ROW(Deco!$Z$2)+1/ ((Deco!$W$2:$W$100="DB PAL")+(Deco!$W$2:$W$100="DB MDF")), 6 ) )), "")} | Q45: =IFERROR(IF(P45<>"",INDEX(Deco!$V$2:$V$100,MATCH(P45,Deco!$Z$2:$Z$100,0))*2,""),"") | R45: {=IFERROR(_xlfn.SINGLE(INDEX( Deco!$Z$2:$Z$100, _xlfn.AGGREGATE( 15,6, ROW(Deco!$Z$2:$Z$100)-ROW(Deco!$Z$2)+1/ ((Deco!$W$2:$W$100="DB PAL")+(Deco!$W$2:$W$100="DB MDF")), 7 ) )), "")} | S45: =IFERROR(IF(R45<>"",INDEX(Deco!$V$2:$V$100,MATCH(R45,Deco!$Z$2:$Z$100,0))*2,""),"")
B46: Debitare PFL | C46: =IF(B30<>"",INDEX(Deco!$C$2:$C$99,MATCH(B30,Deco!$Y$2:$Y$99,0)),"") | D46: buc
B47: Debitare MDF | C47: =IF(SUMIF(Taiere!I2:I99, "MDF", Taiere!C2:C99)+SUMIF(Taiere!I2:I99, "DB MDF", Taiere!C2:C99)=0,"",SUMIF(Taiere!I2:I99, "MDF", Taiere!C2:C99)+SUMIF(Taiere!I2:I99, "DB MDF", Taiere!C2:C99)) | D47: ml | F47: Proiectare | G47: =IF(I6="PLAN M",SUM(C11:C28), "N/A") -> N/A | J47: Ambalare | K47: 1 | N47: PALEȚI | R47: Status
B48: Dublaje | C48: =IF(SUMIF(Deco!W2:W99, "DB PAL", Deco!V2:V99)+SUMIF(Deco!W2:W99, "DB MDF", Deco!V2:V99)=0, "",SUMIF(Deco!W2:W99, "DB PAL", Deco!V2:V99)+SUMIF(Deco!W2:W99, "DB MDF", Deco!V2:V99)) | D48: buc
A50: OBSERVAȚII

Sheet Proforma
A1: Cod Pal | B1: Cantitate
A2: =Fisa!B11 | B2: =Fisa!C11 | C2: =_xlfn.CONCAT(Fisa!D11) -> mp | D2: =CONCATENATE(A2," ",F2) -> mp | E2: {=IF(Fisa!I3="Debitare căntuire",IF(LEFT(Fisa!B11,3)="AGT",B2*3.416, IF(OR(RIGHT(Fisa!B11,1)={"0","1","2","3","4","5","6","7","8","9"},RIGHT(Fisa!B11,2)="SM",RIGHT(Fisa!B11,2)="PM",RIGHT(Fisa!B11,2)="PG",RIGHT(Fisa!B11,2)="mm",,RIGHT(Fisa!B11,2)="PG",RIGHT(Fisa!B11,2)="3D"), B2*5.796, B2)),B2)} | F2: mp
A3: =Fisa!B12 | B3: =Fisa!C12 | C3: =_xlfn.CONCAT(Fisa!D12) -> mp | D3: =CONCATENATE(A3," ",F3) -> mp | E3: {=IF(Fisa!I3="Debitare căntuire",IF(LEFT(Fisa!B12,3)="AGT",B3*3.416, IF(OR(RIGHT(Fisa!B12,1)={"0","1","2","3","4","5","6","7","8","9"},RIGHT(Fisa!B12,2)="SM",RIGHT(Fisa!B12,2)="PM",RIGHT(Fisa!B12,2)="PG",RIGHT(Fisa!B12,2)="mm",,RIGHT(Fisa!B12,2)="PG",RIGHT(Fisa!B12,2)="3D"), B3*5.796, B3)),B3)} | F3: mp
A4: =Fisa!B13 | B4: =Fisa!C13 | C4: =_xlfn.CONCAT(Fisa!D13) -> mp | D4: =CONCATENATE(A4," ",F4) -> mp | E4: {=IF(Fisa!I3="Debitare căntuire",IF(LEFT(Fisa!B13,3)="AGT",B4*3.416, IF(OR(RIGHT(Fisa!B13,1)={"0","1","2","3","4","5","6","7","8","9"},RIGHT(Fisa!B13,2)="SM",RIGHT(Fisa!B13,2)="PM",RIGHT(Fisa!B13,2)="PG",RIGHT(Fisa!B13,2)="mm",,RIGHT(Fisa!B13,2)="PG",RIGHT(Fisa!B13,2)="3D"), B4*5.796, B4)),B4)} | F4: mp
A5: =Fisa!B14 | B5: =Fisa!C14 | C5: =_xlfn.CONCAT(Fisa!D14) -> mp | D5: =CONCATENATE(A5," ",F5) -> mp | E5: {=IF(Fisa!I3="Debitare căntuire",IF(LEFT(Fisa!B14,3)="AGT",B5*3.416, IF(OR(RIGHT(Fisa!B14,1)={"0","1","2","3","4","5","6","7","8","9"},RIGHT(Fisa!B14,2)="SM",RIGHT(Fisa!B14,2)="PM",RIGHT(Fisa!B14,2)="PG",RIGHT(Fisa!B14,2)="mm",,RIGHT(Fisa!B14,2)="PG",RIGHT(Fisa!B14,2)="3D"), B5*5.796, B5)),B5)} | F5: mp
A6: =Fisa!B15 | B6: =Fisa!C15 | C6: =_xlfn.CONCAT(Fisa!D15) -> mp | D6: =CONCATENATE(A6," ",F6) -> mp | E6: {=IF(Fisa!I3="Debitare căntuire",IF(LEFT(Fisa!B15,3)="AGT",B6*3.416, IF(OR(RIGHT(Fisa!B15,1)={"0","1","2","3","4","5","6","7","8","9"},RIGHT(Fisa!B15,2)="SM",RIGHT(Fisa!B15,2)="PM",RIGHT(Fisa!B15,2)="PG",RIGHT(Fisa!B15,2)="mm",,RIGHT(Fisa!B15,2)="PG",RIGHT(Fisa!B15,2)="3D"), B6*5.796, B6)),B6)} | F6: mp
A7: =Fisa!B16 | B7: =Fisa!C16 | C7: =_xlfn.CONCAT(Fisa!D16) -> mp | D7: =CONCATENATE(A7," ",F7) -> mp | E7: {=IF(Fisa!I3="Debitare căntuire",IF(LEFT(Fisa!B16,3)="AGT",B7*3.416, IF(OR(RIGHT(Fisa!B16,1)={"0","1","2","3","4","5","6","7","8","9"},RIGHT(Fisa!B16,2)="SM",RIGHT(Fisa!B16,2)="PM",RIGHT(Fisa!B16,2)="PG",RIGHT(Fisa!B16,2)="mm",,RIGHT(Fisa!B16,2)="PG",RIGHT(Fisa!B16,2)="3D"), B7*5.796, B7)),B7)} | F7: mp
A8: =Fisa!B17 | B8: =Fisa!C17 | C8: =_xlfn.CONCAT(Fisa!D17) -> mp | D8: =CONCATENATE(A8," ",F8) -> mp | E8: {=IF(Fisa!I3="Debitare căntuire",IF(LEFT(Fisa!B17,3)="AGT",B8*3.416, IF(OR(RIGHT(Fisa!B17,1)={"0","1","2","3","4","5","6","7","8","9"},RIGHT(Fisa!B17,2)="SM",RIGHT(Fisa!B17,2)="PM",RIGHT(Fisa!B17,2)="PG",RIGHT(Fisa!B17,2)="mm",,RIGHT(Fisa!B17,2)="PG",RIGHT(Fisa!B17,2)="3D"), B8*5.796, B8)),B8)} | F8: mp
A9: =Fisa!B18 | B9: =Fisa!C18 | C9: =_xlfn.CONCAT(Fisa!D18) -> mp | D9: =CONCATENATE(A9," ",F9) -> mp | E9: {=IF(Fisa!I3="Debitare căntuire",IF(LEFT(Fisa!B18,3)="AGT",B9*3.416, IF(OR(RIGHT(Fisa!B18,1)={"0","1","2","3","4","5","6","7","8","9"},RIGHT(Fisa!B18,2)="SM",RIGHT(Fisa!B18,2)="PM",RIGHT(Fisa!B18,2)="PG",RIGHT(Fisa!B18,2)="mm",,RIGHT(Fisa!B18,2)="PG",RIGHT(Fisa!B18,2)="3D"), B9*5.796, B9)),B9)} | F9: mp
A10: =Fisa!B19 | B10: =Fisa!C19 | C10: =_xlfn.CONCAT(Fisa!D19) -> mp | D10: =CONCATENATE(A10," ",F10) -> mp | E10: {=IF(Fisa!I3="Debitare căntuire",IF(LEFT(Fisa!B19,3)="AGT",B10*3.416, IF(OR(RIGHT(Fisa!B19,1)={"0","1","2","3","4","5","6","7","8","9"},RIGHT(Fisa!B19,2)="SM",RIGHT(Fisa!B19,2)="PM",RIGHT(Fisa!B19,2)="PG",RIGHT(Fisa!B19,2)="mm",,RIGHT(Fisa!B19,2)="PG",RIGHT(Fisa!B19,2)="3D"), B10*5.796, B10)),B10)} | F10: mp
A11: =Fisa!B20 | B11: =Fisa!C20 | C11: =_xlfn.CONCAT(Fisa!D20) -> mp | D11: =CONCATENATE(A11," ",F11) -> mp | E11: {=IF(Fisa!I3="Debitare căntuire",IF(LEFT(Fisa!B20,3)="AGT",B11*3.416, IF(OR(RIGHT(Fisa!B20,1)={"0","1","2","3","4","5","6","7","8","9"},RIGHT(Fisa!B20,2)="SM",RIGHT(Fisa!B20,2)="PM",RIGHT(Fisa!B20,2)="PG",RIGHT(Fisa!B20,2)="mm",,RIGHT(Fisa!B20,2)="PG",RIGHT(Fisa!B20,2)="3D"), B11*5.796, B11)),B11)} | F11: mp
A12: =Fisa!B21 | B12: =Fisa!C21 | C12: =_xlfn.CONCAT(Fisa!D21) -> mp | D12: =CONCATENATE(A12," ",F12) -> mp | E12: {=IF(Fisa!I3="Debitare căntuire",IF(LEFT(Fisa!B21,3)="AGT",B12*3.416, IF(OR(RIGHT(Fisa!B21,1)={"0","1","2","3","4","5","6","7","8","9"},RIGHT(Fisa!B21,2)="SM",RIGHT(Fisa!B21,2)="PM",RIGHT(Fisa!B21,2)="PG",RIGHT(Fisa!B21,2)="mm",,RIGHT(Fisa!B21,2)="PG",RIGHT(Fisa!B21,2)="3D"), B12*5.796, B12)),B12)} | F12: mp
A13: =Fisa!B22 | B13: =Fisa!C22 | C13: =_xlfn.CONCAT(Fisa!D22) -> mp | D13: =CONCATENATE(A13," ",F13) -> mp | E13: {=IF(Fisa!I3="Debitare căntuire",IF(LEFT(Fisa!B22,3)="AGT",B13*3.416, IF(OR(RIGHT(Fisa!B22,1)={"0","1","2","3","4","5","6","7","8","9"},RIGHT(Fisa!B22,2)="SM",RIGHT(Fisa!B22,2)="PM",RIGHT(Fisa!B22,2)="PG",RIGHT(Fisa!B22,2)="mm",,RIGHT(Fisa!B22,2)="PG",RIGHT(Fisa!B22,2)="3D"), B13*5.796, B13)),B13)} | F13: mp
A14: =IF(Fisa!B24="","",IF(RIGHT(Fisa!B24,2)="3D",Fisa!B24,"MDF "&Fisa!B24)) | B14: =Fisa!C24 | C14: =_xlfn.CONCAT(Fisa!D24) -> mp | D14: =CONCATENATE(A14," ",F14) -> mp | E14: {=IF(Fisa!I3="Debitare căntuire",IF(LEFT(Fisa!B24,3)="AGT",B14*3.416, IF(OR(RIGHT(Fisa!B24,1)={"0","1","2","3","4","5","6","7","8","9"},RIGHT(Fisa!B24,2)="SM",RIGHT(Fisa!B24,2)="PM",RIGHT(Fisa!B24,2)="PG",RIGHT(Fisa!B24,2)="mm",,RIGHT(Fisa!B24,2)="PG",RIGHT(Fisa!B24,2)="3D"), B14*5.796, B14)),B14)} | F14: mp
A15: =IF(Fisa!B25="","",IF(RIGHT(Fisa!B25,2)="3D",Fisa!B25,"MDF "&Fisa!B25)) | B15: =Fisa!C25 | C15: =_xlfn.CONCAT(Fisa!D25) -> mp | D15: =CONCATENATE(A15," ",F15) -> mp | E15: {=IF(Fisa!I3="Debitare căntuire",IF(LEFT(Fisa!B25,3)="AGT",B15*3.416, IF(OR(RIGHT(Fisa!B25,1)={"0","1","2","3","4","5","6","7","8","9"},RIGHT(Fisa!B25,2)="SM",RIGHT(Fisa!B25,2)="PM",RIGHT(Fisa!B25,2)="PG",RIGHT(Fisa!B25,2)="mm",,RIGHT(Fisa!B25,2)="PG",RIGHT(Fisa!B25,2)="3D"), B15*5.796, B15)),B15)} | F15: mp
A16: =IF(Fisa!B26="","",IF(RIGHT(Fisa!B26,2)="3D",Fisa!B26,"MDF "&Fisa!B26)) | B16: =Fisa!C26 | C16: =_xlfn.CONCAT(Fisa!D26) -> mp | D16: =CONCATENATE(A16," ",F16) -> mp | E16: {=IF(Fisa!I3="Debitare căntuire",IF(LEFT(Fisa!B26,3)="AGT",B16*3.416, IF(OR(RIGHT(Fisa!B26,1)={"0","1","2","3","4","5","6","7","8","9"},RIGHT(Fisa!B26,2)="SM",RIGHT(Fisa!B26,2)="PM",RIGHT(Fisa!B26,2)="PG",RIGHT(Fisa!B26,2)="mm",,RIGHT(Fisa!B26,2)="PG",RIGHT(Fisa!B26,2)="3D"), B16*5.796, B16)),B16)} | F16: mp
A17: =IF(Fisa!B27="","",IF(RIGHT(Fisa!B27,2)="3D",Fisa!B27,"MDF "&Fisa!B27)) | B17: =Fisa!C27 | C17: =_xlfn.CONCAT(Fisa!D27) -> mp | D17: =CONCATENATE(A17," ",F17) -> mp | E17: {=IF(Fisa!I3="Debitare căntuire",IF(LEFT(Fisa!B27,3)="AGT",B17*3.416, IF(OR(RIGHT(Fisa!B27,1)={"0","1","2","3","4","5","6","7","8","9"},RIGHT(Fisa!B27,2)="SM",RIGHT(Fisa!B27,2)="PM",RIGHT(Fisa!B27,2)="PG",RIGHT(Fisa!B27,2)="mm",,RIGHT(Fisa!B27,2)="PG",RIGHT(Fisa!B27,2)="3D"), B17*5.796, B17)),B17)} | F17: mp
A18: =IF(Fisa!B28="","",IF(RIGHT(Fisa!B28,2)="3D",Fisa!B28,"MDF "&Fisa!B28)) | B18: =Fisa!C28 | C18: =_xlfn.CONCAT(Fisa!D28) -> mp | D18: =CONCATENATE(A18," ",F18) -> mp | E18: {=IF(Fisa!I3="Debitare căntuire",IF(LEFT(Fisa!B28,3)="AGT",B18*3.416, IF(OR(RIGHT(Fisa!B28,1)={"0","1","2","3","4","5","6","7","8","9"},RIGHT(Fisa!B28,2)="SM",RIGHT(Fisa!B28,2)="PM",RIGHT(Fisa!B28,2)="PG",RIGHT(Fisa!B28,2)="mm",,RIGHT(Fisa!B28,2)="PG",RIGHT(Fisa!B28,2)="3D"), B18*5.796, B18)),B18)} | F18: mp
A19: =Fisa!B32 | B19: =Fisa!C32 | C19: =_xlfn.CONCAT(Fisa!D32) -> buc | D19: =CONCATENATE(A19," ",F19) -> ml | E19: =IFERROR(B19*4.1, "") | F19: ml
A20: =Fisa!B33 | B20: =Fisa!C33 | C20: =_xlfn.CONCAT(Fisa!D33) -> buc | D20: =CONCATENATE(A20," ",F20) -> ml | E20: =IFERROR(B20*4.1, "") | F20: ml
A21: =Fisa!B34 | B21: =Fisa!C34 | C21: =_xlfn.CONCAT(Fisa!D34) -> buc | D21: =CONCATENATE(A21," ",F21) -> ml | E21: =IFERROR(B21*4.1, "") | F21: ml
A22: =Fisa!B36 | B22: =Fisa!C36 | C22: =_xlfn.CONCAT(Fisa!D36) -> buc | D22: =CONCATENATE(A22," ",F22) -> ml | E22: =IFERROR(B22*4.1, "") | F22: ml
A23: =Fisa!B37 | B23: =Fisa!C37 | C23: =_xlfn.CONCAT(Fisa!D37) -> buc | D23: =CONCATENATE(A23," ",F23) -> ml | E23: =IFERROR(B23*4.1, "") | F23: ml
A24: =Fisa!B38 | B24: =Fisa!C38 | C24: =_xlfn.CONCAT(Fisa!D38) -> buc | D24: =CONCATENATE(A24," ",F24) -> ml | E24: =IFERROR(B24*4.1, "") | F24: ml
A25: =CONCATENATE(Fisa!F11," ",Fisa!F9) -> 22/0.4 | B25: =Fisa!G11 | D25: =IF(A25="43/1.5",CONCATENATE(A26,C25),CONCATENATE(A25,C25)) -> 22/0.4
A26: =CONCATENATE(Fisa!H11," ",Fisa!H9) -> 22/1 | B26: =Fisa!I11 | D26: =IF(A26="43/1.5",CONCATENATE(A27,C26),CONCATENATE(A26,C26)) -> 22/1
A27: =CONCATENATE(Fisa!J11," ",Fisa!J9) -> 23/0.8 | B27: =Fisa!K11 | D27: =IF(A27="43/1.5",CONCATENATE(A28,C27),CONCATENATE(A27,C27)) -> 23/0.8
A28: =CONCATENATE(Fisa!L11," ",Fisa!L9) -> 23/2 | B28: =Fisa!M11 | D28: =IF(A28="43/1.5",CONCATENATE(A29,C28),CONCATENATE(A28,C28)) -> 23/2
A29: =CONCATENATE(Fisa!N11," ",Fisa!N9) -> 43/1 | B29: =Fisa!O11 | D29: =IF(A29="43/1.5",CONCATENATE(A30,C29),CONCATENATE(A29,C29)) -> 43/1
A30: =CONCATENATE(Fisa!P11," ",Fisa!P9) -> 43/1.5 | B30: =Fisa!Q11 | D30: =IF(A30="43/1.5",CONCATENATE(A31,C30),CONCATENATE(A30,C30)) -> 43/1.5
A31: =CONCATENATE(Fisa!R11," ",Fisa!R9) -> 43/2 | B31: =Fisa!S11 | D31: =IF(A31="43/1.5",CONCATENATE(A32,C31),CONCATENATE(A31,C31)) -> 43/2
A32: =CONCATENATE(Fisa!F12," ",Fisa!F9) -> 22/0.4 | B32: =Fisa!G12 | D32: =IF(A32="43/1.5",CONCATENATE(A33,C32),CONCATENATE(A32,C32)) -> 22/0.4
A33: =CONCATENATE(Fisa!H12," ",Fisa!H9) -> 22/1 | B33: =Fisa!I12 | D33: =IF(A33="43/1.5",CONCATENATE(A34,C33),CONCATENATE(A33,C33)) -> 22/1
A34: =CONCATENATE(Fisa!J12," ",Fisa!J9) -> 23/0.8 | B34: =Fisa!K12 | D34: =IF(A34="43/1.5",CONCATENATE(A35,C34),CONCATENATE(A34,C34)) -> 23/0.8
A35: =CONCATENATE(Fisa!L12," ",Fisa!L9) -> 23/2 | B35: =Fisa!M12 | D35: =IF(A35="43/1.5",CONCATENATE(A36,C35),CONCATENATE(A35,C35)) -> 23/2
A36: =CONCATENATE(Fisa!N12," ",Fisa!N9) -> 43/1 | B36: =Fisa!O12 | D36: =IF(A36="43/1.5",CONCATENATE(A37,C36),CONCATENATE(A36,C36)) -> 43/1
A37: =CONCATENATE(Fisa!P12," ",Fisa!P9) -> 43/1.5 | B37: =Fisa!Q12 | D37: =IF(A37="43/1.5",CONCATENATE(A38,C37),CONCATENATE(A37,C37)) -> 43/1.5
A38: =CONCATENATE(Fisa!R12," ",Fisa!R9) -> 43/2 | B38: =Fisa!S12 | D38: =IF(A38="43/1.5",CONCATENATE(A39,C38),CONCATENATE(A38,C38)) -> 43/2
A39: =CONCATENATE(Fisa!F13," ",Fisa!F9) -> 22/0.4 | B39: =Fisa!G13 | D39: =IF(A39="43/1.5",CONCATENATE(A40,C39),CONCATENATE(A39,C39)) -> 22/0.4
A40: =CONCATENATE(Fisa!H13," ",Fisa!H9) -> 22/1 | B40: =Fisa!I13 | D40: =IF(A40="43/1.5",CONCATENATE(A41,C40),CONCATENATE(A40,C40)) -> 22/1
A41: =CONCATENATE(Fisa!J13," ",Fisa!J9) -> 23/0.8 | B41: =Fisa!K13 | D41: =IF(A41="43/1.5",CONCATENATE(A42,C41),CONCATENATE(A41,C41)) -> 23/0.8
A42: =CONCATENATE(Fisa!L13," ",Fisa!L9) -> 23/2 | B42: =Fisa!M13 | D42: =IF(A42="43/1.5",CONCATENATE(A43,C42),CONCATENATE(A42,C42)) -> 23/2
A43: =CONCATENATE(Fisa!N13," ",Fisa!N9) -> 43/1 | B43: =Fisa!O13 | D43: =IF(A43="43/1.5",CONCATENATE(A44,C43),CONCATENATE(A43,C43)) -> 43/1
A44: =CONCATENATE(Fisa!P13," ",Fisa!P9) -> 43/1.5 | B44: =Fisa!Q13 | D44: =IF(A44="43/1.5",CONCATENATE(A45,C44),CONCATENATE(A44,C44)) -> 43/1.5
A45: =CONCATENATE(Fisa!R13," ",Fisa!R9) -> 43/2 | B45: =Fisa!S13 | D45: =IF(A45="43/1.5",CONCATENATE(A46,C45),CONCATENATE(A45,C45)) -> 43/2
A46: =CONCATENATE(Fisa!F14," ",Fisa!F9) -> 22/0.4 | B46: =Fisa!G14 | D46: =IF(A46="43/1.5",CONCATENATE(A47,C46),CONCATENATE(A46,C46)) -> 22/0.4
A47: =CONCATENATE(Fisa!H14," ",Fisa!H9) -> 22/1 | B47: =Fisa!I14 | D47: =IF(A47="43/1.5",CONCATENATE(A48,C47),CONCATENATE(A47,C47)) -> 22/1
A48: =CONCATENATE(Fisa!J14," ",Fisa!J9) -> 23/0.8 | B48: =Fisa!K14 | D48: =IF(A48="43/1.5",CONCATENATE(A49,C48),CONCATENATE(A48,C48)) -> 23/0.8
A49: =CONCATENATE(Fisa!L14," ",Fisa!L9) -> 23/2 | B49: =Fisa!M14 | D49: =IF(A49="43/1.5",CONCATENATE(A50,C49),CONCATENATE(A49,C49)) -> 23/2
A50: =CONCATENATE(Fisa!N14," ",Fisa!N9) -> 43/1 | B50: =Fisa!O14 | D50: =IF(A50="43/1.5",CONCATENATE(A51,C50),CONCATENATE(A50,C50)) -> 43/1
A51: =CONCATENATE(Fisa!P14," ",Fisa!P9) -> 43/1.5 | B51: =Fisa!Q14 | D51: =IF(A51="43/1.5",CONCATENATE(A52,C51),CONCATENATE(A51,C51)) -> 43/1.5
A52: =CONCATENATE(Fisa!R14," ",Fisa!R9) -> 43/2 | B52: =Fisa!S14 | D52: =IF(A52="43/1.5",CONCATENATE(A53,C52),CONCATENATE(A52,C52)) -> 43/2
A53: =CONCATENATE(Fisa!F15," ",Fisa!F9) -> 22/0.4 | B53: =Fisa!G15 | D53: =IF(A53="43/1.5",CONCATENATE(A54,C53),CONCATENATE(A53,C53)) -> 22/0.4
A54: =CONCATENATE(Fisa!H15," ",Fisa!H9) -> 22/1 | B54: =Fisa!I15 | D54: =IF(A54="43/1.5",CONCATENATE(A55,C54),CONCATENATE(A54,C54)) -> 22/1
A55: =CONCATENATE(Fisa!J15," ",Fisa!J9) -> 23/0.8 | B55: =Fisa!K15 | D55: =IF(A55="43/1.5",CONCATENATE(A56,C55),CONCATENATE(A55,C55)) -> 23/0.8
A56: =CONCATENATE(Fisa!L15," ",Fisa!L9) -> 23/2 | B56: =Fisa!M15 | D56: =IF(A56="43/1.5",CONCATENATE(A57,C56),CONCATENATE(A56,C56)) -> 23/2
A57: =CONCATENATE(Fisa!N15," ",Fisa!N9) -> 43/1 | B57: =Fisa!O15 | D57: =IF(A57="43/1.5",CONCATENATE(A58,C57),CONCATENATE(A57,C57)) -> 43/1
A58: =CONCATENATE(Fisa!P15," ",Fisa!P9) -> 43/1.5 | B58: =Fisa!Q15 | D58: =IF(A58="43/1.5",CONCATENATE(A59,C58),CONCATENATE(A58,C58)) -> 43/1.5
A59: =CONCATENATE(Fisa!R15," ",Fisa!R9) -> 43/2 | B59: =Fisa!S15 | D59: =IF(A59="43/1.5",CONCATENATE(A60,C59),CONCATENATE(A59,C59)) -> 43/2
A60: =CONCATENATE(Fisa!F16," ",Fisa!F9) -> 22/0.4 | B60: =Fisa!G16 | D60: =IF(A60="43/1.5",CONCATENATE(A61,C60),CONCATENATE(A60,C60)) -> 22/0.4
A61: =CONCATENATE(Fisa!H16," ",Fisa!H9) -> 22/1 | B61: =Fisa!I16 | D61: =IF(A61="43/1.5",CONCATENATE(A62,C61),CONCATENATE(A61,C61)) -> 22/1
A62: =CONCATENATE(Fisa!J16," ",Fisa!J9) -> 23/0.8 | B62: =Fisa!K16 | D62: =IF(A62="43/1.5",CONCATENATE(A63,C62),CONCATENATE(A62,C62)) -> 23/0.8
A63: =CONCATENATE(Fisa!L16," ",Fisa!L9) -> 23/2 | B63: =Fisa!M16 | D63: =IF(A63="43/1.5",CONCATENATE(A64,C63),CONCATENATE(A63,C63)) -> 23/2
A64: =CONCATENATE(Fisa!N16," ",Fisa!N9) -> 43/1 | B64: =Fisa!O16 | D64: =IF(A64="43/1.5",CONCATENATE(A65,C64),CONCATENATE(A64,C64)) -> 43/1
A65: =CONCATENATE(Fisa!P16," ",Fisa!P9) -> 43/1.5 | B65: =Fisa!Q16 | D65: =IF(A65="43/1.5",CONCATENATE(A66,C65),CONCATENATE(A65,C65)) -> 43/1.5
A66: =CONCATENATE(Fisa!R16," ",Fisa!R9) -> 43/2 | B66: =Fisa!S16 | D66: =IF(A66="43/1.5",CONCATENATE(A67,C66),CONCATENATE(A66,C66)) -> 43/2
A67: =CONCATENATE(Fisa!F17," ",Fisa!F9) -> 22/0.4 | B67: =Fisa!G17 | D67: =IF(A67="43/1.5",CONCATENATE(A68,C67),CONCATENATE(A67,C67)) -> 22/0.4
A68: =CONCATENATE(Fisa!H17," ",Fisa!H9) -> 22/1 | B68: =Fisa!I17 | D68: =IF(A68="43/1.5",CONCATENATE(A69,C68),CONCATENATE(A68,C68)) -> 22/1
A69: =CONCATENATE(Fisa!J17," ",Fisa!J9) -> 23/0.8 | B69: =Fisa!K17 | D69: =IF(A69="43/1.5",CONCATENATE(A70,C69),CONCATENATE(A69,C69)) -> 23/0.8
A70: =CONCATENATE(Fisa!L17," ",Fisa!L9) -> 23/2 | B70: =Fisa!M17 | D70: =IF(A70="43/1.5",CONCATENATE(A71,C70),CONCATENATE(A70,C70)) -> 23/2
A71: =CONCATENATE(Fisa!N17," ",Fisa!N9) -> 43/1 | B71: =Fisa!O17 | D71: =IF(A71="43/1.5",CONCATENATE(A72,C71),CONCATENATE(A71,C71)) -> 43/1
A72: =CONCATENATE(Fisa!P17," ",Fisa!P9) -> 43/1.5 | B72: =Fisa!Q17 | D72: =IF(A72="43/1.5",CONCATENATE(A73,C72),CONCATENATE(A72,C72)) -> 43/1.5
A73: =CONCATENATE(Fisa!R17," ",Fisa!R9) -> 43/2 | B73: =Fisa!S17 | D73: =IF(A73="43/1.5",CONCATENATE(A74,C73),CONCATENATE(A73,C73)) -> 43/2
A74: =CONCATENATE(Fisa!F18," ",Fisa!F9) -> 22/0.4 | B74: =Fisa!G18 | D74: =IF(A74="43/1.5",CONCATENATE(A75,C74),CONCATENATE(A74,C74)) -> 22/0.4
A75: =CONCATENATE(Fisa!H18," ",Fisa!H9) -> 22/1 | B75: =Fisa!I18 | D75: =IF(A75="43/1.5",CONCATENATE(A76,C75),CONCATENATE(A75,C75)) -> 22/1
A76: =CONCATENATE(Fisa!J18," ",Fisa!J9) -> 23/0.8 | B76: =Fisa!K18 | D76: =IF(A76="43/1.5",CONCATENATE(A77,C76),CONCATENATE(A76,C76)) -> 23/0.8
A77: =CONCATENATE(Fisa!L18," ",Fisa!L9) -> 23/2 | B77: =Fisa!M18 | D77: =IF(A77="43/1.5",CONCATENATE(A78,C77),CONCATENATE(A77,C77)) -> 23/2
A78: =CONCATENATE(Fisa!N18," ",Fisa!N9) -> 43/1 | B78: =Fisa!O18 | D78: =IF(A78="43/1.5",CONCATENATE(A79,C78),CONCATENATE(A78,C78)) -> 43/1
A79: =CONCATENATE(Fisa!P18," ",Fisa!P9) -> 43/1.5 | B79: =Fisa!Q18 | D79: =IF(A79="43/1.5",CONCATENATE(A80,C79),CONCATENATE(A79,C79)) -> 43/1.5
A80: =CONCATENATE(Fisa!R18," ",Fisa!R9) -> 43/2 | B80: =Fisa!S18 | D80: =IF(A80="43/1.5",CONCATENATE(A81,C80),CONCATENATE(A80,C80)) -> 43/2
A81: =CONCATENATE(Fisa!F19," ",Fisa!F9) -> 22/0.4 | B81: =Fisa!G19 | D81: =IF(A81="43/1.5",CONCATENATE(A82,C81),CONCATENATE(A81,C81)) -> 22/0.4
A82: =CONCATENATE(Fisa!H19," ",Fisa!H9) -> 22/1 | B82: =Fisa!I19 | D82: =IF(A82="43/1.5",CONCATENATE(A83,C82),CONCATENATE(A82,C82)) -> 22/1
A83: =CONCATENATE(Fisa!J19," ",Fisa!J9) -> 23/0.8 | B83: =Fisa!K19 | D83: =IF(A83="43/1.5",CONCATENATE(A84,C83),CONCATENATE(A83,C83)) -> 23/0.8
A84: =CONCATENATE(Fisa!L19," ",Fisa!L9) -> 23/2 | B84: =Fisa!M19 | D84: =IF(A84="43/1.5",CONCATENATE(A85,C84),CONCATENATE(A84,C84)) -> 23/2
A85: =CONCATENATE(Fisa!N19," ",Fisa!N9) -> 43/1 | B85: =Fisa!O19 | D85: =IF(A85="43/1.5",CONCATENATE(A86,C85),CONCATENATE(A85,C85)) -> 43/1
A86: =CONCATENATE(Fisa!P19," ",Fisa!P9) -> 43/1.5 | B86: =Fisa!Q19 | D86: =IF(A86="43/1.5",CONCATENATE(A87,C86),CONCATENATE(A86,C86)) -> 43/1.5
A87: =CONCATENATE(Fisa!R19," ",Fisa!R9) -> 43/2 | B87: =Fisa!S19 | D87: =IF(A87="43/1.5",CONCATENATE(A88,C87),CONCATENATE(A87,C87)) -> 43/2
A88: =CONCATENATE(Fisa!F20," ",Fisa!F9) -> 22/0.4 | B88: =Fisa!G20 | D88: =IF(A88="43/1.5",CONCATENATE(A89,C88),CONCATENATE(A88,C88)) -> 22/0.4
A89: =CONCATENATE(Fisa!H20," ",Fisa!H9) -> 22/1 | B89: =Fisa!I20 | D89: =IF(A89="43/1.5",CONCATENATE(A90,C89),CONCATENATE(A89,C89)) -> 22/1
A90: =CONCATENATE(Fisa!J20," ",Fisa!J9) -> 23/0.8 | B90: =Fisa!K20 | D90: =IF(A90="43/1.5",CONCATENATE(A91,C90),CONCATENATE(A90,C90)) -> 23/0.8
A91: =CONCATENATE(Fisa!L20," ",Fisa!L9) -> 23/2 | B91: =Fisa!M20 | D91: =IF(A91="43/1.5",CONCATENATE(A92,C91),CONCATENATE(A91,C91)) -> 23/2
A92: =CONCATENATE(Fisa!N20," ",Fisa!N9) -> 43/1 | B92: =Fisa!O20 | D92: =IF(A92="43/1.5",CONCATENATE(A93,C92),CONCATENATE(A92,C92)) -> 43/1
A93: =CONCATENATE(Fisa!P20," ",Fisa!P9) -> 43/1.5 | B93: =Fisa!Q20 | D93: =IF(A93="43/1.5",CONCATENATE(A94,C93),CONCATENATE(A93,C93)) -> 43/1.5
A94: =CONCATENATE(Fisa!R20," ",Fisa!R9) -> 43/2 | B94: =Fisa!S20 | D94: =IF(A94="43/1.5",CONCATENATE(A95,C94),CONCATENATE(A94,C94)) -> 43/2
A95: =CONCATENATE(Fisa!F21," ",Fisa!F9) -> 22/0.4 | B95: =Fisa!G21 | D95: =IF(A95="43/1.5",CONCATENATE(A96,C95),CONCATENATE(A95,C95)) -> 22/0.4
A96: =CONCATENATE(Fisa!H21," ",Fisa!H9) -> 22/1 | B96: =Fisa!I21 | D96: =IF(A96="43/1.5",CONCATENATE(A97,C96),CONCATENATE(A96,C96)) -> 22/1
A97: =CONCATENATE(Fisa!J21," ",Fisa!J9) -> 23/0.8 | B97: =Fisa!K21 | D97: =IF(A97="43/1.5",CONCATENATE(A98,C97),CONCATENATE(A97,C97)) -> 23/0.8
A98: =CONCATENATE(Fisa!L21," ",Fisa!L9) -> 23/2 | B98: =Fisa!M21 | D98: =IF(A98="43/1.5",CONCATENATE(A99,C98),CONCATENATE(A98,C98)) -> 23/2
A99: =CONCATENATE(Fisa!N21," ",Fisa!N9) -> 43/1 | B99: =Fisa!O21 | D99: =IF(A99="43/1.5",CONCATENATE(A100,C99),CONCATENATE(A99,C99)) -> 43/1
A100: =CONCATENATE(Fisa!P21," ",Fisa!P9) -> 43/1.5 | B100: =Fisa!Q21 | D100: =IF(A100="43/1.5",CONCATENATE(A101,C100),CONCATENATE(A100,C100)) -> 43/1.5
...

Sheet Materiale
A1: Centralizator materiale
A3: FIRMA: | B3: =Fisa!B3:D3 -> 0
A4: Data: | B4: =Fisa!B6 -> 0
A5: UTILAJ: | B5: =#REF! -> #REF!
A6: Nr. comanda | B6: =#REF! -> #REF!
A7: PAL | B7: Décor | C7: =IF(Fisa!I3="Debitare căntuire", "Coli", "Mp") -> Mp
B8: =Fisa!B11 | C8: =Fisa!C11
B9: =Fisa!B12 | C9: =Fisa!C12
B10: =Fisa!B13 | C10: =Fisa!C13
B11: =Fisa!B14 | C11: =Fisa!C14
B12: =Fisa!B15 | C12: =Fisa!C15
B13: =Fisa!B16 | C13: =Fisa!C16
B14: =Fisa!B17 | C14: =Fisa!C17
B15: =Fisa!B18 | C15: =Fisa!C18
B16: =Fisa!B19 | C16: =Fisa!C19
B17: =Fisa!B20 | C17: =Fisa!C20
B18: =Fisa!B21 | C18: =Fisa!C21
B19: =Fisa!B22 | C19: =Fisa!C22
B20: =Fisa!B24 | C20: =Fisa!C24
B21: =Fisa!B25 | C21: =Fisa!C25
B22: =Fisa!B26 | C22: =Fisa!C26
B23: =Fisa!B27 | C23: =Fisa!C27
B24: =Fisa!B28 | C24: =Fisa!C28
A25: ABS | B25: Décor | C25: 22x0.4 | D25: 22x1 | E25: 23x0.8 | F25: 23x2 | G25: 43x1 | H25: 43x1.5 | I25: 43x2
B26: {=_xlfn._xlws.FILTER(Fisa!$F$11:$F$38, Fisa!$F$11:$F$38 <> "")} -> #VALUE! | C26: {=IF(ISBLANK(B26),"",IFERROR(INDEX(Fisa!$G$11:$G$38,_xlfn.AGGREGATE(15,6,(ROW(Fisa!$F$11:$F$38)-10)/(Fisa!$F$11:$F$38=B26),COUNTIF($B$26:B26,B26))),""))} | D26: {=IF(ISBLANK(B26),"",IFERROR(INDEX(Fisa!$I$11:$I$38,_xlfn.AGGREGATE(15,6,(ROW(Fisa!$H$11:$H$38)-10)/(Fisa!$H$11:$H$38=B26),COUNTIF($B$26:B26,B26))),""))} | E26: {=IF(ISBLANK(B26),"",IFERROR(INDEX(Fisa!$K$11:$K$38,_xlfn.AGGREGATE(15,6,(ROW(Fisa!$J$11:$J$38)-10)/(Fisa!$J$11:$J$38=B26),COUNTIF($B$26:B26,B26))),""))} | F26: {=IF(ISBLANK(B26),"",IFERROR(INDEX(Fisa!$M$11:$M$38,_xlfn.AGGREGATE(15,6,(ROW(Fisa!$L$11:$L$38)-10)/(Fisa!$L$11:$L$38=B26),COUNTIF($B$26:B26,B26))),""))} | G26: {=IF(ISBLANK(B26),"",IFERROR(INDEX(Fisa!$O$11:$O$38,_xlfn.AGGREGATE(15,6,(ROW(Fisa!$N$11:$N$38)-10)/(Fisa!$N$11:$N$38=B26),COUNTIF($B$26:B26,B26))),""))} | H26: {=IF(ISBLANK(B26),"",IFERROR(INDEX(Fisa!$Q$11:$Q$38,_xlfn.AGGREGATE(15,6,(ROW(Fisa!$P$11:$P$38)-10)/(Fisa!$P$11:$P$38=B26),COUNTIF($B$26:B26,B26))),""))} | I26: {=IF(ISBLANK(B26),"",IFERROR(INDEX(Fisa!$S$11:$S$38,_xlfn.AGGREGATE(15,6,(ROW(Fisa!$R$11:$R$38)-10)/(Fisa!$R$11:$R$38=B26),COUNTIF($B$26:B26,B26))),""))}
C27: {=IF(ISBLANK(B27),"",IFERROR(INDEX(Fisa!$G$11:$G$38,_xlfn.AGGREGATE(15,6,(ROW(Fisa!$F$11:$F$38)-10)/(Fisa!$F$11:$F$38=B27),COUNTIF($B$26:B27,B27))),""))} | D27: {=IF(ISBLANK(B27),"",IFERROR(INDEX(Fisa!$I$11:$I$38,_xlfn.AGGREGATE(15,6,(ROW(Fisa!$H$11:$H$38)-10)/(Fisa!$H$11:$H$38=B27),COUNTIF($B$26:B27,B27))),""))} | E27: {=IF(ISBLANK(B27),"",IFERROR(INDEX(Fisa!$K$11:$K$38,_xlfn.AGGREGATE(15,6,(ROW(Fisa!$J$11:$J$38)-10)/(Fisa!$J$11:$J$38=B27),COUNTIF($B$26:B27,B27))),""))} | F27: {=IF(ISBLANK(B27),"",IFERROR(INDEX(Fisa!$M$11:$M$38,_xlfn.AGGREGATE(15,6,(ROW(Fisa!$L$11:$L$38)-10)/(Fisa!$L$11:$L$38=B27),COUNTIF($B$26:B27,B27))),""))} | G27: {=IF(ISBLANK(B27),"",IFERROR(INDEX(Fisa!$O$11:$O$38,_xlfn.AGGREGATE(15,6,(ROW(Fisa!$N$11:$N$38)-10)/(Fisa!$N$11:$N$38=B27),COUNTIF($B$26:B27,B27))),""))} | H27: {=IF(ISBLANK(B27),"",IFERROR(INDEX(Fisa!$Q$11:$Q$38,_xlfn.AGGREGATE(15,6,(ROW(Fisa!$P$11:$P$38)-10)/(Fisa!$P$11:$P$38=B27),COUNTIF($B$26:B27,B27))),""))} | I27: {=IF(ISBLANK(B27),"",IFERROR(INDEX(Fisa!$S$11:$S$38,_xlfn.AGGREGATE(15,6,(ROW(Fisa!$R$11:$R$38)-10)/(Fisa!$R$11:$R$38=B27),COUNTIF($B$26:B27,B27))),""))}
C28: {=IF(ISBLANK(B28),"",IFERROR(INDEX(Fisa!$G$11:$G$38,_xlfn.AGGREGATE(15,6,(ROW(Fisa!$F$11:$F$38)-10)/(Fisa!$F$11:$F$38=B28),COUNTIF($B$26:B28,B28))),""))} | D28: {=IF(ISBLANK(B28),"",IFERROR(INDEX(Fisa!$I$11:$I$38,_xlfn.AGGREGATE(15,6,(ROW(Fisa!$H$11:$H$38)-10)/(Fisa!$H$11:$H$38=B28),COUNTIF($B$26:B28,B28))),""))} | E28: {=IF(ISBLANK(B28),"",IFERROR(INDEX(Fisa!$K$11:$K$38,_xlfn.AGGREGATE(15,6,(ROW(Fisa!$J$11:$J$38)-10)/(Fisa!$J$11:$J$38=B28),COUNTIF($B$26:B28,B28))),""))} | F28: {=IF(ISBLANK(B28),"",IFERROR(INDEX(Fisa!$M$11:$M$38,_xlfn.AGGREGATE(15,6,(ROW(Fisa!$L$11:$L$38)-10)/(Fisa!$L$11:$L$38=B28),COUNTIF($B$26:B28,B28))),""))} | G28: {=IF(ISBLANK(B28),"",IFERROR(INDEX(Fisa!$O$11:$O$38,_xlfn.AGGREGATE(15,6,(ROW(Fisa!$N$11:$N$38)-10)/(Fisa!$N$11:$N$38=B28),COUNTIF($B$26:B28,B28))),""))} | H28: {=IF(ISBLANK(B28),"",IFERROR(INDEX(Fisa!$Q$11:$Q$38,_xlfn.AGGREGATE(15,6,(ROW(Fisa!$P$11:$P$38)-10)/(Fisa!$P$11:$P$38=B28),COUNTIF($B$26:B28,B28))),""))} | I28: {=IF(ISBLANK(B28),"",IFERROR(INDEX(Fisa!$S$11:$S$38,_xlfn.AGGREGATE(15,6,(ROW(Fisa!$R$11:$R$38)-10)/(Fisa!$R$11:$R$38=B28),COUNTIF($B$26:B28,B28))),""))}
C29: {=IF(ISBLANK(B29),"",IFERROR(INDEX(Fisa!$G$11:$G$38,_xlfn.AGGREGATE(15,6,(ROW(Fisa!$F$11:$F$38)-10)/(Fisa!$F$11:$F$38=B29),COUNTIF($B$26:B29,B29))),""))} | D29: {=IF(ISBLANK(B29),"",IFERROR(INDEX(Fisa!$I$11:$I$38,_xlfn.AGGREGATE(15,6,(ROW(Fisa!$H$11:$H$38)-10)/(Fisa!$H$11:$H$38=B29),COUNTIF($B$26:B29,B29))),""))} | E29: {=IF(ISBLANK(B29),"",IFERROR(INDEX(Fisa!$K$11:$K$38,_xlfn.AGGREGATE(15,6,(ROW(Fisa!$J$11:$J$38)-10)/(Fisa!$J$11:$J$38=B29),COUNTIF($B$26:B29,B29))),""))} | F29: {=IF(ISBLANK(B29),"",IFERROR(INDEX(Fisa!$M$11:$M$38,_xlfn.AGGREGATE(15,6,(ROW(Fisa!$L$11:$L$38)-10)/(Fisa!$L$11:$L$38=B29),COUNTIF($B$26:B29,B29))),""))} | G29: {=IF(ISBLANK(B29),"",IFERROR(INDEX(Fisa!$O$11:$O$38,_xlfn.AGGREGATE(15,6,(ROW(Fisa!$N$11:$N$38)-10)/(Fisa!$N$11:$N$38=B29),COUNTIF($B$26:B29,B29))),""))} | H29: {=IF(ISBLANK(B29),"",IFERROR(INDEX(Fisa!$Q$11:$Q$38,_xlfn.AGGREGATE(15,6,(ROW(Fisa!$P$11:$P$38)-10)/(Fisa!$P$11:$P$38=B29),COUNTIF($B$26:B29,B29))),""))} | I29: {=IF(ISBLANK(B29),"",IFERROR(INDEX(Fisa!$S$11:$S$38,_xlfn.AGGREGATE(15,6,(ROW(Fisa!$R$11:$R$38)-10)/(Fisa!$R$11:$R$38=B29),COUNTIF($B$26:B29,B29))),""))}
C30: {=IF(ISBLANK(B30),"",IFERROR(INDEX(Fisa!$G$11:$G$38,_xlfn.AGGREGATE(15,6,(ROW(Fisa!$F$11:$F$38)-10)/(Fisa!$F$11:$F$38=B30),COUNTIF($B$26:B30,B30))),""))} | D30: {=IF(ISBLANK(B30),"",IFERROR(INDEX(Fisa!$I$11:$I$38,_xlfn.AGGREGATE(15,6,(ROW(Fisa!$H$11:$H$38)-10)/(Fisa!$H$11:$H$38=B30),COUNTIF($B$26:B30,B30))),""))} | E30: {=IF(ISBLANK(B30),"",IFERROR(INDEX(Fisa!$K$11:$K$38,_xlfn.AGGREGATE(15,6,(ROW(Fisa!$J$11:$J$38)-10)/(Fisa!$J$11:$J$38=B30),COUNTIF($B$26:B30,B30))),""))} | F30: {=IF(ISBLANK(B30),"",IFERROR(INDEX(Fisa!$M$11:$M$38,_xlfn.AGGREGATE(15,6,(ROW(Fisa!$L$11:$L$38)-10)/(Fisa!$L$11:$L$38=B30),COUNTIF($B$26:B30,B30))),""))} | G30: {=IF(ISBLANK(B30),"",IFERROR(INDEX(Fisa!$O$11:$O$38,_xlfn.AGGREGATE(15,6,(ROW(Fisa!$N$11:$N$38)-10)/(Fisa!$N$11:$N$38=B30),COUNTIF($B$26:B30,B30))),""))} | H30: {=IF(ISBLANK(B30),"",IFERROR(INDEX(Fisa!$Q$11:$Q$38,_xlfn.AGGREGATE(15,6,(ROW(Fisa!$P$11:$P$38)-10)/(Fisa!$P$11:$P$38=B30),COUNTIF($B$26:B30,B30))),""))} | I30: {=IF(ISBLANK(B30),"",IFERROR(INDEX(Fisa!$S$11:$S$38,_xlfn.AGGREGATE(15,6,(ROW(Fisa!$R$11:$R$38)-10)/(Fisa!$R$11:$R$38=B30),COUNTIF($B$26:B30,B30))),""))}
C31: {=IF(ISBLANK(B31),"",IFERROR(INDEX(Fisa!$G$11:$G$38,_xlfn.AGGREGATE(15,6,(ROW(Fisa!$F$11:$F$38)-10)/(Fisa!$F$11:$F$38=B31),COUNTIF($B$26:B31,B31))),""))} | D31: {=IF(ISBLANK(B31),"",IFERROR(INDEX(Fisa!$I$11:$I$38,_xlfn.AGGREGATE(15,6,(ROW(Fisa!$H$11:$H$38)-10)/(Fisa!$H$11:$H$38=B31),COUNTIF($B$26:B31,B31))),""))} | E31: {=IF(ISBLANK(B31),"",IFERROR(INDEX(Fisa!$K$11:$K$38,_xlfn.AGGREGATE(15,6,(ROW(Fisa!$J$11:$J$38)-10)/(Fisa!$J$11:$J$38=B31),COUNTIF($B$26:B31,B31))),""))} | F31: {=IF(ISBLANK(B31),"",IFERROR(INDEX(Fisa!$M$11:$M$38,_xlfn.AGGREGATE(15,6,(ROW(Fisa!$L$11:$L$38)-10)/(Fisa!$L$11:$L$38=B31),COUNTIF($B$26:B31,B31))),""))} | G31: {=IF(ISBLANK(B31),"",IFERROR(INDEX(Fisa!$O$11:$O$38,_xlfn.AGGREGATE(15,6,(ROW(Fisa!$N$11:$N$38)-10)/(Fisa!$N$11:$N$38=B31),COUNTIF($B$26:B31,B31))),""))} | H31: {=IF(ISBLANK(B31),"",IFERROR(INDEX(Fisa!$Q$11:$Q$38,_xlfn.AGGREGATE(15,6,(ROW(Fisa!$P$11:$P$38)-10)/(Fisa!$P$11:$P$38=B31),COUNTIF($B$26:B31,B31))),""))} | I31: {=IF(ISBLANK(B31),"",IFERROR(INDEX(Fisa!$S$11:$S$38,_xlfn.AGGREGATE(15,6,(ROW(Fisa!$R$11:$R$38)-10)/(Fisa!$R$11:$R$38=B31),COUNTIF($B$26:B31,B31))),""))}
C32: {=IF(ISBLANK(B32),"",IFERROR(INDEX(Fisa!$G$11:$G$38,_xlfn.AGGREGATE(15,6,(ROW(Fisa!$F$11:$F$38)-10)/(Fisa!$F$11:$F$38=B32),COUNTIF($B$26:B32,B32))),""))} | D32: {=IF(ISBLANK(B32),"",IFERROR(INDEX(Fisa!$I$11:$I$38,_xlfn.AGGREGATE(15,6,(ROW(Fisa!$H$11:$H$38)-10)/(Fisa!$H$11:$H$38=B32),COUNTIF($B$26:B32,B32))),""))} | E32: {=IF(ISBLANK(B32),"",IFERROR(INDEX(Fisa!$K$11:$K$38,_xlfn.AGGREGATE(15,6,(ROW(Fisa!$J$11:$J$38)-10)/(Fisa!$J$11:$J$38=B32),COUNTIF($B$26:B32,B32))),""))} | F32: {=IF(ISBLANK(B32),"",IFERROR(INDEX(Fisa!$M$11:$M$38,_xlfn.AGGREGATE(15,6,(ROW(Fisa!$L$11:$L$38)-10)/(Fisa!$L$11:$L$38=B32),COUNTIF($B$26:B32,B32))),""))} | G32: {=IF(ISBLANK(B32),"",IFERROR(INDEX(Fisa!$O$11:$O$38,_xlfn.AGGREGATE(15,6,(ROW(Fisa!$N$11:$N$38)-10)/(Fisa!$N$11:$N$38=B32),COUNTIF($B$26:B32,B32))),""))} | H32: {=IF(ISBLANK(B32),"",IFERROR(INDEX(Fisa!$Q$11:$Q$38,_xlfn.AGGREGATE(15,6,(ROW(Fisa!$P$11:$P$38)-10)/(Fisa!$P$11:$P$38=B32),COUNTIF($B$26:B32,B32))),""))} | I32: {=IF(ISBLANK(B32),"",IFERROR(INDEX(Fisa!$S$11:$S$38,_xlfn.AGGREGATE(15,6,(ROW(Fisa!$R$11:$R$38)-10)/(Fisa!$R$11:$R$38=B32),COUNTIF($B$26:B32,B32))),""))}
C33: {=IF(ISBLANK(B33),"",IFERROR(INDEX(Fisa!$G$11:$G$38,_xlfn.AGGREGATE(15,6,(ROW(Fisa!$F$11:$F$38)-10)/(Fisa!$F$11:$F$38=B33),COUNTIF($B$26:B33,B33))),""))} | D33: {=IF(ISBLANK(B33),"",IFERROR(INDEX(Fisa!$I$11:$I$38,_xlfn.AGGREGATE(15,6,(ROW(Fisa!$H$11:$H$38)-10)/(Fisa!$H$11:$H$38=B33),COUNTIF($B$26:B33,B33))),""))} | E33: {=IF(ISBLANK(B33),"",IFERROR(INDEX(Fisa!$K$11:$K$38,_xlfn.AGGREGATE(15,6,(ROW(Fisa!$J$11:$J$38)-10)/(Fisa!$J$11:$J$38=B33),COUNTIF($B$26:B33,B33))),""))} | F33: {=IF(ISBLANK(B33),"",IFERROR(INDEX(Fisa!$M$11:$M$38,_xlfn.AGGREGATE(15,6,(ROW(Fisa!$L$11:$L$38)-10)/(Fisa!$L$11:$L$38=B33),COUNTIF($B$26:B33,B33))),""))} | G33: {=IF(ISBLANK(B33),"",IFERROR(INDEX(Fisa!$O$11:$O$38,_xlfn.AGGREGATE(15,6,(ROW(Fisa!$N$11:$N$38)-10)/(Fisa!$N$11:$N$38=B33),COUNTIF($B$26:B33,B33))),""))} | H33: {=IF(ISBLANK(B33),"",IFERROR(INDEX(Fisa!$Q$11:$Q$38,_xlfn.AGGREGATE(15,6,(ROW(Fisa!$P$11:$P$38)-10)/(Fisa!$P$11:$P$38=B33),COUNTIF($B$26:B33,B33))),""))} | I33: {=IF(ISBLANK(B33),"",IFERROR(INDEX(Fisa!$S$11:$S$38,_xlfn.AGGREGATE(15,6,(ROW(Fisa!$R$11:$R$38)-10)/(Fisa!$R$11:$R$38=B33),COUNTIF($B$26:B33,B33))),""))}
C34: {=IF(ISBLANK(B34),"",IFERROR(INDEX(Fisa!$G$11:$G$38,_xlfn.AGGREGATE(15,6,(ROW(Fisa!$F$11:$F$38)-10)/(Fisa!$F$11:$F$38=B34),COUNTIF($B$26:B34,B34))),""))} | D34: {=IF(ISBLANK(B34),"",IFERROR(INDEX(Fisa!$I$11:$I$38,_xlfn.AGGREGATE(15,6,(ROW(Fisa!$H$11:$H$38)-10)/(Fisa!$H$11:$H$38=B34),COUNTIF($B$26:B34,B34))),""))} | E34: {=IF(ISBLANK(B34),"",IFERROR(INDEX(Fisa!$K$11:$K$38,_xlfn.AGGREGATE(15,6,(ROW(Fisa!$J$11:$J$38)-10)/(Fisa!$J$11:$J$38=B34),COUNTIF($B$26:B34,B34))),""))} | F34: {=IF(ISBLANK(B34),"",IFERROR(INDEX(Fisa!$M$11:$M$38,_xlfn.AGGREGATE(15,6,(ROW(Fisa!$L$11:$L$38)-10)/(Fisa!$L$11:$L$38=B34),COUNTIF($B$26:B34,B34))),""))} | G34: {=IF(ISBLANK(B34),"",IFERROR(INDEX(Fisa!$O$11:$O$38,_xlfn.AGGREGATE(15,6,(ROW(Fisa!$N$11:$N$38)-10)/(Fisa!$N$11:$N$38=B34),COUNTIF($B$26:B34,B34))),""))} | H34: {=IF(ISBLANK(B34),"",IFERROR(INDEX(Fisa!$Q$11:$Q$38,_xlfn.AGGREGATE(15,6,(ROW(Fisa!$P$11:$P$38)-10)/(Fisa!$P$11:$P$38=B34),COUNTIF($B$26:B34,B34))),""))} | I34: {=IF(ISBLANK(B34),"",IFERROR(INDEX(Fisa!$S$11:$S$38,_xlfn.AGGREGATE(15,6,(ROW(Fisa!$R$11:$R$38)-10)/(Fisa!$R$11:$R$38=B34),COUNTIF($B$26:B34,B34))),""))}
C35: {=IF(ISBLANK(B35),"",IFERROR(INDEX(Fisa!$G$11:$G$38,_xlfn.AGGREGATE(15,6,(ROW(Fisa!$F$11:$F$38)-10)/(Fisa!$F$11:$F$38=B35),COUNTIF($B$26:B35,B35))),""))} | D35: {=IF(ISBLANK(B35),"",IFERROR(INDEX(Fisa!$I$11:$I$38,_xlfn.AGGREGATE(15,6,(ROW(Fisa!$H$11:$H$38)-10)/(Fisa!$H$11:$H$38=B35),COUNTIF($B$26:B35,B35))),""))} | E35: {=IF(ISBLANK(B35),"",IFERROR(INDEX(Fisa!$K$11:$K$38,_xlfn.AGGREGATE(15,6,(ROW(Fisa!$J$11:$J$38)-10)/(Fisa!$J$11:$J$38=B35),COUNTIF($B$26:B35,B35))),""))} | F35: {=IF(ISBLANK(B35),"",IFERROR(INDEX(Fisa!$M$11:$M$38,_xlfn.AGGREGATE(15,6,(ROW(Fisa!$L$11:$L$38)-10)/(Fisa!$L$11:$L$38=B35),COUNTIF($B$26:B35,B35))),""))} | G35: {=IF(ISBLANK(B35),"",IFERROR(INDEX(Fisa!$O$11:$O$38,_xlfn.AGGREGATE(15,6,(ROW(Fisa!$N$11:$N$38)-10)/(Fisa!$N$11:$N$38=B35),COUNTIF($B$26:B35,B35))),""))} | H35: {=IF(ISBLANK(B35),"",IFERROR(INDEX(Fisa!$Q$11:$Q$38,_xlfn.AGGREGATE(15,6,(ROW(Fisa!$P$11:$P$38)-10)/(Fisa!$P$11:$P$38=B35),COUNTIF($B$26:B35,B35))),""))} | I35: {=IF(ISBLANK(B35),"",IFERROR(INDEX(Fisa!$S$11:$S$38,_xlfn.AGGREGATE(15,6,(ROW(Fisa!$R$11:$R$38)-10)/(Fisa!$R$11:$R$38=B35),COUNTIF($B$26:B35,B35))),""))}
C36: {=IF(ISBLANK(B36),"",IFERROR(INDEX(Fisa!$G$11:$G$38,_xlfn.AGGREGATE(15,6,(ROW(Fisa!$F$11:$F$38)-10)/(Fisa!$F$11:$F$38=B36),COUNTIF($B$26:B36,B36))),""))} | D36: {=IF(ISBLANK(B36),"",IFERROR(INDEX(Fisa!$I$11:$I$38,_xlfn.AGGREGATE(15,6,(ROW(Fisa!$H$11:$H$38)-10)/(Fisa!$H$11:$H$38=B36),COUNTIF($B$26:B36,B36))),""))} | E36: {=IF(ISBLANK(B36),"",IFERROR(INDEX(Fisa!$K$11:$K$38,_xlfn.AGGREGATE(15,6,(ROW(Fisa!$J$11:$J$38)-10)/(Fisa!$J$11:$J$38=B36),COUNTIF($B$26:B36,B36))),""))} | F36: {=IF(ISBLANK(B36),"",IFERROR(INDEX(Fisa!$M$11:$M$38,_xlfn.AGGREGATE(15,6,(ROW(Fisa!$L$11:$L$38)-10)/(Fisa!$L$11:$L$38=B36),COUNTIF($B$26:B36,B36))),""))} | G36: {=IF(ISBLANK(B36),"",IFERROR(INDEX(Fisa!$O$11:$O$38,_xlfn.AGGREGATE(15,6,(ROW(Fisa!$N$11:$N$38)-10)/(Fisa!$N$11:$N$38=B36),COUNTIF($B$26:B36,B36))),""))} | H36: {=IF(ISBLANK(B36),"",IFERROR(INDEX(Fisa!$Q$11:$Q$38,_xlfn.AGGREGATE(15,6,(ROW(Fisa!$P$11:$P$38)-10)/(Fisa!$P$11:$P$38=B36),COUNTIF($B$26:B36,B36))),""))} | I36: {=IF(ISBLANK(B36),"",IFERROR(INDEX(Fisa!$S$11:$S$38,_xlfn.AGGREGATE(15,6,(ROW(Fisa!$R$11:$R$38)-10)/(Fisa!$R$11:$R$38=B36),COUNTIF($B$26:B36,B36))),""))}
C37: {=IF(ISBLANK(B37),"",IFERROR(INDEX(Fisa!$G$11:$G$38,_xlfn.AGGREGATE(15,6,(ROW(Fisa!$F$11:$F$38)-10)/(Fisa!$F$11:$F$38=B37),COUNTIF($B$26:B37,B37))),""))} | D37: {=IF(ISBLANK(B37),"",IFERROR(INDEX(Fisa!$I$11:$I$38,_xlfn.AGGREGATE(15,6,(ROW(Fisa!$H$11:$H$38)-10)/(Fisa!$H$11:$H$38=B37),COUNTIF($B$26:B37,B37))),""))} | E37: {=IF(ISBLANK(B37),"",IFERROR(INDEX(Fisa!$K$11:$K$38,_xlfn.AGGREGATE(15,6,(ROW(Fisa!$J$11:$J$38)-10)/(Fisa!$J$11:$J$38=B37),COUNTIF($B$26:B37,B37))),""))} | F37: {=IF(ISBLANK(B37),"",IFERROR(INDEX(Fisa!$M$11:$M$38,_xlfn.AGGREGATE(15,6,(ROW(Fisa!$L$11:$L$38)-10)/(Fisa!$L$11:$L$38=B37),COUNTIF($B$26:B37,B37))),""))} | G37: {=IF(ISBLANK(B37),"",IFERROR(INDEX(Fisa!$O$11:$O$38,_xlfn.AGGREGATE(15,6,(ROW(Fisa!$N$11:$N$38)-10)/(Fisa!$N$11:$N$38=B37),COUNTIF($B$26:B37,B37))),""))} | H37: {=IF(ISBLANK(B37),"",IFERROR(INDEX(Fisa!$Q$11:$Q$38,_xlfn.AGGREGATE(15,6,(ROW(Fisa!$P$11:$P$38)-10)/(Fisa!$P$11:$P$38=B37),COUNTIF($B$26:B37,B37))),""))} | I37: {=IF(ISBLANK(B37),"",IFERROR(INDEX(Fisa!$S$11:$S$38,_xlfn.AGGREGATE(15,6,(ROW(Fisa!$R$11:$R$38)-10)/(Fisa!$R$11:$R$38=B37),COUNTIF($B$26:B37,B37))),""))}
C38: {=IF(ISBLANK(B38),"",IFERROR(INDEX(Fisa!$G$11:$G$38,_xlfn.AGGREGATE(15,6,(ROW(Fisa!$F$11:$F$38)-10)/(Fisa!$F$11:$F$38=B38),COUNTIF($B$26:B38,B38))),""))} | D38: {=IF(ISBLANK(B38),"",IFERROR(INDEX(Fisa!$I$11:$I$38,_xlfn.AGGREGATE(15,6,(ROW(Fisa!$H$11:$H$38)-10)/(Fisa!$H$11:$H$38=B38),COUNTIF($B$26:B38,B38))),""))} | E38: {=IF(ISBLANK(B38),"",IFERROR(INDEX(Fisa!$K$11:$K$38,_xlfn.AGGREGATE(15,6,(ROW(Fisa!$J$11:$J$38)-10)/(Fisa!$J$11:$J$38=B38),COUNTIF($B$26:B38,B38))),""))} | F38: {=IF(ISBLANK(B38),"",IFERROR(INDEX(Fisa!$M$11:$M$38,_xlfn.AGGREGATE(15,6,(ROW(Fisa!$L$11:$L$38)-10)/(Fisa!$L$11:$L$38=B38),COUNTIF($B$26:B38,B38))),""))} | G38: {=IF(ISBLANK(B38),"",IFERROR(INDEX(Fisa!$O$11:$O$38,_xlfn.AGGREGATE(15,6,(ROW(Fisa!$N$11:$N$38)-10)/(Fisa!$N$11:$N$38=B38),COUNTIF($B$26:B38,B38))),""))} | H38: {=IF(ISBLANK(B38),"",IFERROR(INDEX(Fisa!$Q$11:$Q$38,_xlfn.AGGREGATE(15,6,(ROW(Fisa!$P$11:$P$38)-10)/(Fisa!$P$11:$P$38=B38),COUNTIF($B$26:B38,B38))),""))} | I38: {=IF(ISBLANK(B38),"",IFERROR(INDEX(Fisa!$S$11:$S$38,_xlfn.AGGREGATE(15,6,(ROW(Fisa!$R$11:$R$38)-10)/(Fisa!$R$11:$R$38=B38),COUNTIF($B$26:B38,B38))),""))}
... C48: {=IF(ISBLANK(B48),"",IFERROR(INDEX(Fisa!$G$11:$G$38,_xlfn.AGGREGATE(15,6,(ROW(Fisa!$F$11:$F$38)-10)/(Fisa!$F$11:$F$38=B48),COUNTIF($B$26:B48,B48))),""))} | D48: {=IF(ISBLANK(B48),"",IFERROR(INDEX(Fisa!$I$11:$I$38,_xlfn.AGGREGATE(15,6,(ROW(Fisa!$H$11:$H$38)-10)/(Fisa!$H$11:$H$38=B48),COUNTIF($B$26:B48,B48))),""))} | E48: {=IF(ISBLANK(B48),"",IFERROR(INDEX(Fisa!$K$11:$K$38,_xlfn.AGGREGATE(15,6,(ROW(Fisa!$J$11:$J$38)-10)/(Fisa!$J$11:$J$38=B48),COUNTIF($B$26:B48,B48))),""))} | F48: {=IF(ISBLANK(B48),"",IFERROR(INDEX(Fisa!$M$11:$M$38,_xlfn.AGGREGATE(15,6,(ROW(Fisa!$L$11:$L$38)-10)/(Fisa!$L$11:$L$38=B48),COUNTIF($B$26:B48,B48))),""))} | G48: {=IF(ISBLANK(B48),"",IFERROR(INDEX(Fisa!$O$11:$O$38,_xlfn.AGGREGATE(15,6,(ROW(Fisa!$N$11:$N$38)-10)/(Fisa!$N$11:$N$38=B48),COUNTIF($B$26:B48,B48))),""))} | H48: {=IF(ISBLANK(B48),"",IFERROR(INDEX(Fisa!$Q$11:$Q$38,_xlfn.AGGREGATE(15,6,(ROW(Fisa!$P$11:$P$38)-10)/(Fisa!$P$11:$P$38=B48),COUNTIF($B$26:B48,B48))),""))} | I48: {=IF(ISBLANK(B48),"",IFERROR(INDEX(Fisa!$S$11:$S$38,_xlfn.AGGREGATE(15,6,(ROW(Fisa!$R$11:$R$38)-10)/(Fisa!$R$11:$R$38=B48),COUNTIF($B$26:B48,B48))),""))}
A49: MDF | B49: Décor | C49: =IF(Fisa!I3="Debitare căntuire", "Coli", "Mp") -> Mp
B50: =Fisa!B24 | C50: =Fisa!C24
B51: =Fisa!B25 | C51: =Fisa!C25
B52: =Fisa!B26 | C52: =Fisa!C26
B53: =Fisa!B27 | C53: =Fisa!C27
B54: =Fisa!B28 | C54: =Fisa!C28
A55: PFL | B55: =Fisa!B30 | C55: =Fisa!C30
A56: Blat | B56: Décor | C56: Buc
B57: =Fisa!B32 | C57: =Fisa!C32
B58: =Fisa!B33 | C58: =Fisa!C33
B59: =Fisa!B34 | C59: =Fisa!C34
A60: Panou Spate | B60: =Fisa!B36 | C60: =Fisa!C36
B61: =Fisa!B37 | C61: =Fisa!C37
B62: =Fisa!B38 | C62: =Fisa!C38
A63: Observatii:

Sheet Deco
A1: Denumire | B1: Grosime | C1: Cant | D1: Lung | E1: Lat | V1: Cantitate | W1: Tip Decor | X1: Cod Decor | Y1: Cod | Z1: Cod DB | AA1: Status Dublaj
V2: =IFERROR(IF(OR(W2="DB PAL",W2="DB MDF"),ROUND(Q2/13.5,0), ROUND(Q2/P2,2)),"") | W2: =IF( AND( OR( AND(D2=2800,E2=2070,OR(B2=19,B2=19.3)), AND(D2=2800,E2=1220,B2=18), AND(D2=3050,E2=1300,B2=19), AND(D2=3050,E2=1310,B2=19), AND(D2=2800,E2=1300,OR(B2=17.5,B2=18.5,B2=19)), AND(RIGHT(A2,6)="MDF 3D",B2<>36) ), NOT(OR( ISNUMBER(FIND(" TM",A2)), ISNUMBER(FIND("TM/ST",A2)) )), RIGHT(A2,6)<>"ROH P2" ), "MDF", IF( AND( D2=2800, OR(E2=2070,E2=1000), OR(B2=18,B2=18.6,B2=8,B2=10,B2=16,B2=19), RIGHT(A2,6)<>"MDF 3D" ), "PAL", IF( AND( D2=2800, E2=2070, OR(B2=19,B2=19.3), OR(ISNUMBER(FIND(" TM",A2)),ISNUMBER(FIND("TM/ST",A2))) ), "PAL", IF( AND( D2=2800, E2=2070, OR(B2=38,B2=38.6,B2=36,B2=37.2,B2=32,B2=26,B2=28), OR(ISNUMBER(FIND(" TM",A2)),ISNUMBER(FIND("TM/ST",A2))) ), "DB PAL", IF( AND( D2=4100, OR(E2=600,E2=650,E2=920,E2=1200), OR(B2=38,B2=20) ), "BLAT", IF( AND( D2=4100, OR(E2=600,E2=650,E2=920), OR(B2=12) ), "LC", IF( AND( D2=4100, E2=640, OR(B2=9.2,B2=8,B2=8.8) ), "PS", IF( AND( OR( AND(D2=2800,E2=2070,OR(B2=38,B2=38.6)), AND(D2=2800,E2=1220,B2=36), AND(D2=3050,OR(E2=1300,E2=1310),OR(B2=38.6,B2=38,B2=38.1)), AND(D2=2800,E2=1300,B2=35), AND(D2=2800,E2=1300,B2=38), AND(RIGHT(A2,6)="MDF 3D",B2=36) ), NOT(OR(ISNUMBER(FIND(" TM",A2)),ISNUMBER(FIND("TM/ST",A2)))) ), "DB MDF", IF( AND( D2=2800, E2=2070, OR(B2=36,B2=37.2,B2=32,B2=26,B2=28), RIGHT(A2,6)<>"MDF 3D" ), "DB PAL", IF(B2=2.7,"HDF","N/A") ) ) ) ) ) ) ) ) ) -> N/A | X2: =IFERROR( IF( ISNUMBER(SEARCH("2461LT",A2)), "Rehau 2461LT", IF( ISNUMBER(SEARCH("3146L",A2)), "Rehau 3146L", IF( ISNUMBER(SEARCH("1918L",A2)), "Rehau 1918L", IF( ISNUMBER(--LEFT(SUBSTITUTE(TRIM(MID(A2,FIND("-",A2)+1,50)),"LR ","LR"),1)), "AGT "&SUBSTITUTE(TRIM(MID(A2,FIND("-",A2)+1,50)),"LR ","LR"), SUBSTITUTE(TRIM(MID(A2,FIND("-",A2)+1,50)),"LR ","LR") ) ) ) ) &IF(OR(E2=600,E2=650,E2=920)," /"&E2,"") &IF(E2=640," PS","") &IF(AND(OR(B2=8,B2=10,B2=16),D2=2800,E2=2070)," "&B2&"mm",""), "") | Y2: =IF(W2="","", IF( OR( ISNUMBER(FIND(" ST",X2)), ISNUMBER(FIND(" SM",X2)), ISNUMBER(FIND(" PM",X2)), ISNUMBER(FIND(" TM",X2)), ISNUMBER(FIND(" PG",X2)), ISNUMBER(FIND(" PA",X2)) ), IF(OR(E2=600,E2=650,E2=920), SUBSTITUTE(X2," ","",1), IFERROR(LEFT(SUBSTITUTE(X2," ","",1), FIND("/",SUBSTITUTE(X2," ","",1))-1), SUBSTITUTE(X2," ","",1)) ), IF(OR(E2=600,E2=650,E2=920), X2, IFERROR(LEFT(X2, FIND("/",X2)-1), X2) ) ) &IF(W2="LC"," LC","") ) | Z2: =IF( OR(W2="DB PAL",W2="DB MDF"), IF( OR( ISNUMBER(FIND(" ST",X2)), ISNUMBER(FIND(" SM",X2)), ISNUMBER(FIND(" PM",X2)), ISNUMBER(FIND("TM/ST7",X2)), ISNUMBER(FIND(" PG",X2)), ISNUMBER(FIND(" PA",X2)) ), IFERROR(LEFT(SUBSTITUTE(X2," ","",1), FIND("/",SUBSTITUTE(X2," ","",1))-1), SUBSTITUTE(X2," ","",1)), IFERROR(LEFT(X2, FIND("/",X2)-1), X2) ), " " ) | AA2: =IF(OR(W2="DB PAL",W2="DB MDF"), IF(V2=INT(V2),"OK", "Vezi EK"),"")
V3: =IFERROR(IF(OR(W3="DB PAL",W3="DB MDF"),ROUND(Q3/13.5,0), ROUND(Q3/P3,2)),"") | W3: =IF( AND( OR( AND(D3=2800,E3=2070,OR(B3=19,B3=19.3)), AND(D3=2800,E3=1220,B3=18), AND(D3=3050,E3=1300,B3=19), AND(D3=3050,E3=1310,B3=19), AND(D3=2800,E3=1300,OR(B3=17.5,B3=18.5,B3=19)), AND(RIGHT(A3,6)="MDF 3D",B3<>36) ), NOT(OR( ISNUMBER(FIND(" TM",A3)), ISNUMBER(FIND("TM/ST",A3)) )), RIGHT(A3,6)<>"ROH P2" ), "MDF", IF( AND( D3=2800, OR(E3=2070,E3=1000), OR(B3=18,B3=18.6,B3=8,B3=10,B3=16,B3=19), RIGHT(A3,6)<>"MDF 3D" ), "PAL", IF( AND( D3=2800, E3=2070, OR(B3=19,B3=19.3), OR(ISNUMBER(FIND(" TM",A3)),ISNUMBER(FIND("TM/ST",A3))) ), "PAL", IF( AND( D3=2800, E3=2070, OR(B3=38,B3=38.6,B3=36,B3=37.2,B3=32,B3=26,B3=28), OR(ISNUMBER(FIND(" TM",A3)),ISNUMBER(FIND("TM/ST",A3))) ), "DB PAL", IF( AND( D3=4100, OR(E3=600,E3=650,E3=920,E3=1200), OR(B3=38,B3=20) ), "BLAT", IF( AND( D3=4100, OR(E3=600,E3=650,E3=920), OR(B3=12) ), "LC", IF( AND( D3=4100, E3=640, OR(B3=9.2,B3=8,B3=8.8) ), "PS", IF( AND( OR( AND(D3=2800,E3=2070,OR(B3=38,B3=38.6)), AND(D3=2800,E3=1220,B3=36), AND(D3=3050,OR(E3=1300,E3=1310),OR(B3=38.6,B3=38,B3=38.1)), AND(D3=2800,E3=1300,B3=35), AND(D3=2800,E3=1300,B3=38), AND(RIGHT(A3,6)="MDF 3D",B3=36) ), NOT(OR(ISNUMBER(FIND(" TM",A3)),ISNUMBER(FIND("TM/ST",A3)))) ), "DB MDF", IF( AND( D3=2800, E3=2070, OR(B3=36,B3=37.2,B3=32,B3=26,B3=28), RIGHT(A3,6)<>"MDF 3D" ), "DB PAL", IF(B3=2.7,"HDF","N/A") ) ) ) ) ) ) ) ) ) -> N/A | X3: =IFERROR( IF( ISNUMBER(SEARCH("2461LT",A3)), "Rehau 2461LT", IF( ISNUMBER(SEARCH("3146L",A3)), "Rehau 3146L", IF( ISNUMBER(SEARCH("1918L",A3)), "Rehau 1918L", IF( ISNUMBER(--LEFT(SUBSTITUTE(TRIM(MID(A3,FIND("-",A3)+1,50)),"LR ","LR"),1)), "AGT "&SUBSTITUTE(TRIM(MID(A3,FIND("-",A3)+1,50)),"LR ","LR"), SUBSTITUTE(TRIM(MID(A3,FIND("-",A3)+1,50)),"LR ","LR") ) ) ) ) &IF(OR(E3=600,E3=650,E3=920)," /"&E3,"") &IF(E3=640," PS","") &IF(AND(OR(B3=8,B3=10,B3=16),D3=2800,E3=2070)," "&B3&"mm",""), "") | Y3: =IF(W3="","", IF( OR( ISNUMBER(FIND(" ST",X3)), ISNUMBER(FIND(" SM",X3)), ISNUMBER(FIND(" PM",X3)), ISNUMBER(FIND(" TM",X3)), ISNUMBER(FIND(" PG",X3)), ISNUMBER(FIND(" PA",X3)) ), IF(OR(E3=600,E3=650,E3=920), SUBSTITUTE(X3," ","",1), IFERROR(LEFT(SUBSTITUTE(X3," ","",1), FIND("/",SUBSTITUTE(X3," ","",1))-1), SUBSTITUTE(X3," ","",1)) ), IF(OR(E3=600,E3=650,E3=920), X3, IFERROR(LEFT(X3, FIND("/",X3)-1), X3) ) ) &IF(W3="LC"," LC","") ) | Z3: =IF( OR(W3="DB PAL",W3="DB MDF"), IF( OR( ISNUMBER(FIND(" ST",X3)), ISNUMBER(FIND(" SM",X3)), ISNUMBER(FIND(" PM",X3)), ISNUMBER(FIND("TM/ST7",X3)), ISNUMBER(FIND(" PG",X3)), ISNUMBER(FIND(" PA",X3)) ), IFERROR(LEFT(SUBSTITUTE(X3," ","",1), FIND("/",SUBSTITUTE(X3," ","",1))-1), SUBSTITUTE(X3," ","",1)), IFERROR(LEFT(X3, FIND("/",X3)-1), X3) ), " " ) | AA3: =IF(OR(W3="DB PAL",W3="DB MDF"), IF(V3=INT(V3),"OK", "Vezi EK"),"")
V4: =IFERROR(IF(OR(W4="DB PAL",W4="DB MDF"),ROUND(Q4/13.5,0), ROUND(Q4/P4,2)),"") | W4: =IF( AND( OR( AND(D4=2800,E4=2070,OR(B4=19,B4=19.3)), AND(D4=2800,E4=1220,B4=18), AND(D4=3050,E4=1300,B4=19), AND(D4=3050,E4=1310,B4=19), AND(D4=2800,E4=1300,OR(B4=17.5,B4=18.5,B4=19)), AND(RIGHT(A4,6)="MDF 3D",B4<>36) ), NOT(OR( ISNUMBER(FIND(" TM",A4)), ISNUMBER(FIND("TM/ST",A4)) )), RIGHT(A4,6)<>"ROH P2" ), "MDF", IF( AND( D4=2800, OR(E4=2070,E4=1000), OR(B4=18,B4=18.6,B4=8,B4=10,B4=16,B4=19), RIGHT(A4,6)<>"MDF 3D" ), "PAL", IF( AND( D4=2800, E4=2070, OR(B4=19,B4=19.3), OR(ISNUMBER(FIND(" TM",A4)),ISNUMBER(FIND("TM/ST",A4))) ), "PAL", IF( AND( D4=2800, E4=2070, OR(B4=38,B4=38.6,B4=36,B4=37.2,B4=32,B4=26,B4=28), OR(ISNUMBER(FIND(" TM",A4)),ISNUMBER(FIND("TM/ST",A4))) ), "DB PAL", IF( AND( D4=4100, OR(E4=600,E4=650,E4=920,E4=1200), OR(B4=38,B4=20) ), "BLAT", IF( AND( D4=4100, OR(E4=600,E4=650,E4=920), OR(B4=12) ), "LC", IF( AND( D4=4100, E4=640, OR(B4=9.2,B4=8,B4=8.8) ), "PS", IF( AND( OR( AND(D4=2800,E4=2070,OR(B4=38,B4=38.6)), AND(D4=2800,E4=1220,B4=36), AND(D4=3050,OR(E4=1300,E4=1310),OR(B4=38.6,B4=38,B4=38.1)), AND(D4=2800,E4=1300,B4=35), AND(D4=2800,E4=1300,B4=38), AND(RIGHT(A4,6)="MDF 3D",B4=36) ), NOT(OR(ISNUMBER(FIND(" TM",A4)),ISNUMBER(FIND("TM/ST",A4)))) ), "DB MDF", IF( AND( D4=2800, E4=2070, OR(B4=36,B4=37.2,B4=32,B4=26,B4=28), RIGHT(A4,6)<>"MDF 3D" ), "DB PAL", IF(B4=2.7,"HDF","N/A") ) ) ) ) ) ) ) ) ) -> N/A | X4: =IFERROR( IF( ISNUMBER(SEARCH("2461LT",A4)), "Rehau 2461LT", IF( ISNUMBER(SEARCH("3146L",A4)), "Rehau 3146L", IF( ISNUMBER(SEARCH("1918L",A4)), "Rehau 1918L", IF( ISNUMBER(--LEFT(SUBSTITUTE(TRIM(MID(A4,FIND("-",A4)+1,50)),"LR ","LR"),1)), "AGT "&SUBSTITUTE(TRIM(MID(A4,FIND("-",A4)+1,50)),"LR ","LR"), SUBSTITUTE(TRIM(MID(A4,FIND("-",A4)+1,50)),"LR ","LR") ) ) ) ) &IF(OR(E4=600,E4=650,E4=920)," /"&E4,"") &IF(E4=640," PS","") &IF(AND(OR(B4=8,B4=10,B4=16),D4=2800,E4=2070)," "&B4&"mm",""), "") | Y4: =IF(W4="","", IF( OR( ISNUMBER(FIND(" ST",X4)), ISNUMBER(FIND(" SM",X4)), ISNUMBER(FIND(" PM",X4)), ISNUMBER(FIND(" TM",X4)), ISNUMBER(FIND(" PG",X4)), ISNUMBER(FIND(" PA",X4)) ), IF(OR(E4=600,E4=650,E4=920), SUBSTITUTE(X4," ","",1), IFERROR(LEFT(SUBSTITUTE(X4," ","",1), FIND("/",SUBSTITUTE(X4," ","",1))-1), SUBSTITUTE(X4," ","",1)) ), IF(OR(E4=600,E4=650,E4=920), X4, IFERROR(LEFT(X4, FIND("/",X4)-1), X4) ) ) &IF(W4="LC"," LC","") ) | Z4: =IF( OR(W4="DB PAL",W4="DB MDF"), IF( OR( ISNUMBER(FIND(" ST",X4)), ISNUMBER(FIND(" SM",X4)), ISNUMBER(FIND(" PM",X4)), ISNUMBER(FIND("TM/ST7",X4)), ISNUMBER(FIND(" PG",X4)), ISNUMBER(FIND(" PA",X4)) ), IFERROR(LEFT(SUBSTITUTE(X4," ","",1), FIND("/",SUBSTITUTE(X4," ","",1))-1), SUBSTITUTE(X4," ","",1)), IFERROR(LEFT(X4, FIND("/",X4)-1), X4) ), " " ) | AA4: =IF(OR(W4="DB PAL",W4="DB MDF"), IF(V4=INT(V4),"OK", "Vezi EK"),"")
V5: =IFERROR(IF(OR(W5="DB PAL",W5="DB MDF"),ROUND(Q5/13.5,0), ROUND(Q5/P5,2)),"") | W5: =IF( AND( OR( AND(D5=2800,E5=2070,OR(B5=19,B5=19.3)), AND(D5=2800,E5=1220,B5=18), AND(D5=3050,E5=1300,B5=19), AND(D5=3050,E5=1310,B5=19), AND(D5=2800,E5=1300,OR(B5=17.5,B5=18.5,B5=19)), AND(RIGHT(A5,6)="MDF 3D",B5<>36) ), NOT(OR( ISNUMBER(FIND(" TM",A5)), ISNUMBER(FIND("TM/ST",A5)) )), RIGHT(A5,6)<>"ROH P2" ), "MDF", IF( AND( D5=2800, OR(E5=2070,E5=1000), OR(B5=18,B5=18.6,B5=8,B5=10,B5=16,B5=19), RIGHT(A5,6)<>"MDF 3D" ), "PAL", IF( AND( D5=2800, E5=2070, OR(B5=19,B5=19.3), OR(ISNUMBER(FIND(" TM",A5)),ISNUMBER(FIND("TM/ST",A5))) ), "PAL", IF( AND( D5=2800, E5=2070, OR(B5=38,B5=38.6,B5=36,B5=37.2,B5=32,B5=26,B5=28), OR(ISNUMBER(FIND(" TM",A5)),ISNUMBER(FIND("TM/ST",A5))) ), "DB PAL", IF( AND( D5=4100, OR(E5=600,E5=650,E5=920,E5=1200), OR(B5=38,B5=20) ), "BLAT", IF( AND( D5=4100, OR(E5=600,E5=650,E5=920), OR(B5=12) ), "LC", IF( AND( D5=4100, E5=640, OR(B5=9.2,B5=8,B5=8.8) ), "PS", IF( AND( OR( AND(D5=2800,E5=2070,OR(B5=38,B5=38.6)), AND(D5=2800,E5=1220,B5=36), AND(D5=3050,OR(E5=1300,E5=1310),OR(B5=38.6,B5=38,B5=38.1)), AND(D5=2800,E5=1300,B5=35), AND(D5=2800,E5=1300,B5=38), AND(RIGHT(A5,6)="MDF 3D",B5=36) ), NOT(OR(ISNUMBER(FIND(" TM",A5)),ISNUMBER(FIND("TM/ST",A5)))) ), "DB MDF", IF( AND( D5=2800, E5=2070, OR(B5=36,B5=37.2,B5=32,B5=26,B5=28), RIGHT(A5,6)<>"MDF 3D" ), "DB PAL", IF(B5=2.7,"HDF","N/A") ) ) ) ) ) ) ) ) ) -> N/A | X5: =IFERROR( IF( ISNUMBER(SEARCH("2461LT",A5)), "Rehau 2461LT", IF( ISNUMBER(SEARCH("3146L",A5)), "Rehau 3146L", IF( ISNUMBER(SEARCH("1918L",A5)), "Rehau 1918L", IF( ISNUMBER(--LEFT(SUBSTITUTE(TRIM(MID(A5,FIND("-",A5)+1,50)),"LR ","LR"),1)), "AGT "&SUBSTITUTE(TRIM(MID(A5,FIND("-",A5)+1,50)),"LR ","LR"), SUBSTITUTE(TRIM(MID(A5,FIND("-",A5)+1,50)),"LR ","LR") ) ) ) ) &IF(OR(E5=600,E5=650,E5=920)," /"&E5,"") &IF(E5=640," PS","") &IF(AND(OR(B5=8,B5=10,B5=16),D5=2800,E5=2070)," "&B5&"mm",""), "") | Y5: =IF(W5="","", IF( OR( ISNUMBER(FIND(" ST",X5)), ISNUMBER(FIND(" SM",X5)), ISNUMBER(FIND(" PM",X5)), ISNUMBER(FIND(" TM",X5)), ISNUMBER(FIND(" PG",X5)), ISNUMBER(FIND(" PA",X5)) ), IF(OR(E5=600,E5=650,E5=920), SUBSTITUTE(X5," ","",1), IFERROR(LEFT(SUBSTITUTE(X5," ","",1), FIND("/",SUBSTITUTE(X5," ","",1))-1), SUBSTITUTE(X5," ","",1)) ), IF(OR(E5=600,E5=650,E5=920), X5, IFERROR(LEFT(X5, FIND("/",X5)-1), X5) ) ) &IF(W5="LC"," LC","") ) | Z5: =IF( OR(W5="DB PAL",W5="DB MDF"), IF( OR( ISNUMBER(FIND(" ST",X5)), ISNUMBER(FIND(" SM",X5)), ISNUMBER(FIND(" PM",X5)), ISNUMBER(FIND("TM/ST7",X5)), ISNUMBER(FIND(" PG",X5)), ISNUMBER(FIND(" PA",X5)) ), IFERROR(LEFT(SUBSTITUTE(X5," ","",1), FIND("/",SUBSTITUTE(X5," ","",1))-1), SUBSTITUTE(X5," ","",1)), IFERROR(LEFT(X5, FIND("/",X5)-1), X5) ), " " ) | AA5: =IF(OR(W5="DB PAL",W5="DB MDF"), IF(V5=INT(V5),"OK", "Vezi EK"),"")
V6: =IFERROR(IF(OR(W6="DB PAL",W6="DB MDF"),ROUND(Q6/13.5,0), ROUND(Q6/P6,2)),"") | W6: =IF( AND( OR( AND(D6=2800,E6=2070,OR(B6=19,B6=19.3)), AND(D6=2800,E6=1220,B6=18), AND(D6=3050,E6=1300,B6=19), AND(D6=3050,E6=1310,B6=19), AND(D6=2800,E6=1300,OR(B6=17.5,B6=18.5,B6=19)), AND(RIGHT(A6,6)="MDF 3D",B6<>36) ), NOT(OR( ISNUMBER(FIND(" TM",A6)), ISNUMBER(FIND("TM/ST",A6)) )), RIGHT(A6,6)<>"ROH P2" ), "MDF", IF( AND( D6=2800, OR(E6=2070,E6=1000), OR(B6=18,B6=18.6,B6=8,B6=10,B6=16,B6=19), RIGHT(A6,6)<>"MDF 3D" ), "PAL", IF( AND( D6=2800, E6=2070, OR(B6=19,B6=19.3), OR(ISNUMBER(FIND(" TM",A6)),ISNUMBER(FIND("TM/ST",A6))) ), "PAL", IF( AND( D6=2800, E6=2070, OR(B6=38,B6=38.6,B6=36,B6=37.2,B6=32,B6=26,B6=28), OR(ISNUMBER(FIND(" TM",A6)),ISNUMBER(FIND("TM/ST",A6))) ), "DB PAL", IF( AND( D6=4100, OR(E6=600,E6=650,E6=920,E6=1200), OR(B6=38,B6=20) ), "BLAT", IF( AND( D6=4100, OR(E6=600,E6=650,E6=920), OR(B6=12) ), "LC", IF( AND( D6=4100, E6=640, OR(B6=9.2,B6=8,B6=8.8) ), "PS", IF( AND( OR( AND(D6=2800,E6=2070,OR(B6=38,B6=38.6)), AND(D6=2800,E6=1220,B6=36), AND(D6=3050,OR(E6=1300,E6=1310),OR(B6=38.6,B6=38,B6=38.1)), AND(D6=2800,E6=1300,B6=35), AND(D6=2800,E6=1300,B6=38), AND(RIGHT(A6,6)="MDF 3D",B6=36) ), NOT(OR(ISNUMBER(FIND(" TM",A6)),ISNUMBER(FIND("TM/ST",A6)))) ), "DB MDF", IF( AND( D6=2800, E6=2070, OR(B6=36,B6=37.2,B6=32,B6=26,B6=28), RIGHT(A6,6)<>"MDF 3D" ), "DB PAL", IF(B6=2.7,"HDF","N/A") ) ) ) ) ) ) ) ) ) -> N/A | X6: =IFERROR( IF( ISNUMBER(SEARCH("2461LT",A6)), "Rehau 2461LT", IF( ISNUMBER(SEARCH("3146L",A6)), "Rehau 3146L", IF( ISNUMBER(SEARCH("1918L",A6)), "Rehau 1918L", IF( ISNUMBER(--LEFT(SUBSTITUTE(TRIM(MID(A6,FIND("-",A6)+1,50)),"LR ","LR"),1)), "AGT "&SUBSTITUTE(TRIM(MID(A6,FIND("-",A6)+1,50)),"LR ","LR"), SUBSTITUTE(TRIM(MID(A6,FIND("-",A6)+1,50)),"LR ","LR") ) ) ) ) &IF(OR(E6=600,E6=650,E6=920)," /"&E6,"") &IF(E6=640," PS","") &IF(AND(OR(B6=8,B6=10,B6=16),D6=2800,E6=2070)," "&B6&"mm",""), "") | Y6: =IF(W6="","", IF( OR( ISNUMBER(FIND(" ST",X6)), ISNUMBER(FIND(" SM",X6)), ISNUMBER(FIND(" PM",X6)), ISNUMBER(FIND(" TM",X6)), ISNUMBER(FIND(" PG",X6)), ISNUMBER(FIND(" PA",X6)) ), IF(OR(E6=600,E6=650,E6=920), SUBSTITUTE(X6," ","",1), IFERROR(LEFT(SUBSTITUTE(X6," ","",1), FIND("/",SUBSTITUTE(X6," ","",1))-1), SUBSTITUTE(X6," ","",1)) ), IF(OR(E6=600,E6=650,E6=920), X6, IFERROR(LEFT(X6, FIND("/",X6)-1), X6) ) ) &IF(W6="LC"," LC","") ) | Z6: =IF( OR(W6="DB PAL",W6="DB MDF"), IF( OR( ISNUMBER(FIND(" ST",X6)), ISNUMBER(FIND(" SM",X6)), ISNUMBER(FIND(" PM",X6)), ISNUMBER(FIND("TM/ST7",X6)), ISNUMBER(FIND(" PG",X6)), ISNUMBER(FIND(" PA",X6)) ), IFERROR(LEFT(SUBSTITUTE(X6," ","",1), FIND("/",SUBSTITUTE(X6," ","",1))-1), SUBSTITUTE(X6," ","",1)), IFERROR(LEFT(X6, FIND("/",X6)-1), X6) ), " " ) | AA6: =IF(OR(W6="DB PAL",W6="DB MDF"), IF(V6=INT(V6),"OK", "Vezi EK"),"")
V7: =IFERROR(IF(OR(W7="DB PAL",W7="DB MDF"),ROUND(Q7/13.5,0), ROUND(Q7/P7,2)),"") | W7: =IF( AND( OR( AND(D7=2800,E7=2070,OR(B7=19,B7=19.3)), AND(D7=2800,E7=1220,B7=18), AND(D7=3050,E7=1300,B7=19), AND(D7=3050,E7=1310,B7=19), AND(D7=2800,E7=1300,OR(B7=17.5,B7=18.5,B7=19)), AND(RIGHT(A7,6)="MDF 3D",B7<>36) ), NOT(OR( ISNUMBER(FIND(" TM",A7)), ISNUMBER(FIND("TM/ST",A7)) )), RIGHT(A7,6)<>"ROH P2" ), "MDF", IF( AND( D7=2800, OR(E7=2070,E7=1000), OR(B7=18,B7=18.6,B7=8,B7=10,B7=16,B7=19), RIGHT(A7,6)<>"MDF 3D" ), "PAL", IF( AND( D7=2800, E7=2070, OR(B7=19,B7=19.3), OR(ISNUMBER(FIND(" TM",A7)),ISNUMBER(FIND("TM/ST",A7))) ), "PAL", IF( AND( D7=2800, E7=2070, OR(B7=38,B7=38.6,B7=36,B7=37.2,B7=32,B7=26,B7=28), OR(ISNUMBER(FIND(" TM",A7)),ISNUMBER(FIND("TM/ST",A7))) ), "DB PAL", IF( AND( D7=4100, OR(E7=600,E7=650,E7=920,E7=1200), OR(B7=38,B7=20) ), "BLAT", IF( AND( D7=4100, OR(E7=600,E7=650,E7=920), OR(B7=12) ), "LC", IF( AND( D7=4100, E7=640, OR(B7=9.2,B7=8,B7=8.8) ), "PS", IF( AND( OR( AND(D7=2800,E7=2070,OR(B7=38,B7=38.6)), AND(D7=2800,E7=1220,B7=36), AND(D7=3050,OR(E7=1300,E7=1310),OR(B7=38.6,B7=38,B7=38.1)), AND(D7=2800,E7=1300,B7=35), AND(D7=2800,E7=1300,B7=38), AND(RIGHT(A7,6)="MDF 3D",B7=36) ), NOT(OR(ISNUMBER(FIND(" TM",A7)),ISNUMBER(FIND("TM/ST",A7)))) ), "DB MDF", IF( AND( D7=2800, E7=2070, OR(B7=36,B7=37.2,B7=32,B7=26,B7=28), RIGHT(A7,6)<>"MDF 3D" ), "DB PAL", IF(B7=2.7,"HDF","N/A") ) ) ) ) ) ) ) ) ) -> N/A | X7: =IFERROR( IF( ISNUMBER(SEARCH("2461LT",A7)), "Rehau 2461LT", IF( ISNUMBER(SEARCH("3146L",A7)), "Rehau 3146L", IF( ISNUMBER(SEARCH("1918L",A7)), "Rehau 1918L", IF( ISNUMBER(--LEFT(SUBSTITUTE(TRIM(MID(A7,FIND("-",A7)+1,50)),"LR ","LR"),1)), "AGT "&SUBSTITUTE(TRIM(MID(A7,FIND("-",A7)+1,50)),"LR ","LR"), SUBSTITUTE(TRIM(MID(A7,FIND("-",A7)+1,50)),"LR ","LR") ) ) ) ) &IF(OR(E7=600,E7=650,E7=920)," /"&E7,"") &IF(E7=640," PS","") &IF(AND(OR(B7=8,B7=10,B7=16),D7=2800,E7=2070)," "&B7&"mm",""), "") | Y7: =IF(W7="","", IF( OR( ISNUMBER(FIND(" ST",X7)), ISNUMBER(FIND(" SM",X7)), ISNUMBER(FIND(" PM",X7)), ISNUMBER(FIND(" TM",X7)), ISNUMBER(FIND(" PG",X7)), ISNUMBER(FIND(" PA",X7)) ), IF(OR(E7=600,E7=650,E7=920), SUBSTITUTE(X7," ","",1), IFERROR(LEFT(SUBSTITUTE(X7," ","",1), FIND("/",SUBSTITUTE(X7," ","",1))-1), SUBSTITUTE(X7," ","",1)) ), IF(OR(E7=600,E7=650,E7=920), X7, IFERROR(LEFT(X7, FIND("/",X7)-1), X7) ) ) &IF(W7="LC"," LC","") ) | Z7: =IF( OR(W7="DB PAL",W7="DB MDF"), IF( OR( ISNUMBER(FIND(" ST",X7)), ISNUMBER(FIND(" SM",X7)), ISNUMBER(FIND(" PM",X7)), ISNUMBER(FIND("TM/ST7",X7)), ISNUMBER(FIND(" PG",X7)), ISNUMBER(FIND(" PA",X7)) ), IFERROR(LEFT(SUBSTITUTE(X7," ","",1), FIND("/",SUBSTITUTE(X7," ","",1))-1), SUBSTITUTE(X7," ","",1)), IFERROR(LEFT(X7, FIND("/",X7)-1), X7) ), " " ) | AA7: =IF(OR(W7="DB PAL",W7="DB MDF"), IF(V7=INT(V7),"OK", "Vezi EK"),"")
V8: =IFERROR(IF(OR(W8="DB PAL",W8="DB MDF"),ROUND(Q8/13.5,0), ROUND(Q8/P8,2)),"") | W8: =IF( AND( OR( AND(D8=2800,E8=2070,OR(B8=19,B8=19.3)), AND(D8=2800,E8=1220,B8=18), AND(D8=3050,E8=1300,B8=19), AND(D8=3050,E8=1310,B8=19), AND(D8=2800,E8=1300,OR(B8=17.5,B8=18.5,B8=19)), AND(RIGHT(A8,6)="MDF 3D",B8<>36) ), NOT(OR( ISNUMBER(FIND(" TM",A8)), ISNUMBER(FIND("TM/ST",A8)) )), RIGHT(A8,6)<>"ROH P2" ), "MDF", IF( AND( D8=2800, OR(E8=2070,E8=1000), OR(B8=18,B8=18.6,B8=8,B8=10,B8=16,B8=19), RIGHT(A8,6)<>"MDF 3D" ), "PAL", IF( AND( D8=2800, E8=2070, OR(B8=19,B8=19.3), OR(ISNUMBER(FIND(" TM",A8)),ISNUMBER(FIND("TM/ST",A8))) ), "PAL", IF( AND( D8=2800, E8=2070, OR(B8=38,B8=38.6,B8=36,B8=37.2,B8=32,B8=26,B8=28), OR(ISNUMBER(FIND(" TM",A8)),ISNUMBER(FIND("TM/ST",A8))) ), "DB PAL", IF( AND( D8=4100, OR(E8=600,E8=650,E8=920,E8=1200), OR(B8=38,B8=20) ), "BLAT", IF( AND( D8=4100, OR(E8=600,E8=650,E8=920), OR(B8=12) ), "LC", IF( AND( D8=4100, E8=640, OR(B8=9.2,B8=8,B8=8.8) ), "PS", IF( AND( OR( AND(D8=2800,E8=2070,OR(B8=38,B8=38.6)), AND(D8=2800,E8=1220,B8=36), AND(D8=3050,OR(E8=1300,E8=1310),OR(B8=38.6,B8=38,B8=38.1)), AND(D8=2800,E8=1300,B8=35), AND(D8=2800,E8=1300,B8=38), AND(RIGHT(A8,6)="MDF 3D",B8=36) ), NOT(OR(ISNUMBER(FIND(" TM",A8)),ISNUMBER(FIND("TM/ST",A8)))) ), "DB MDF", IF( AND( D8=2800, E8=2070, OR(B8=36,B8=37.2,B8=32,B8=26,B8=28), RIGHT(A8,6)<>"MDF 3D" ), "DB PAL", IF(B8=2.7,"HDF","N/A") ) ) ) ) ) ) ) ) ) -> N/A | X8: =IFERROR( IF( ISNUMBER(SEARCH("2461LT",A8)), "Rehau 2461LT", IF( ISNUMBER(SEARCH("3146L",A8)), "Rehau 3146L", IF( ISNUMBER(SEARCH("1918L",A8)), "Rehau 1918L", IF( ISNUMBER(--LEFT(SUBSTITUTE(TRIM(MID(A8,FIND("-",A8)+1,50)),"LR ","LR"),1)), "AGT "&SUBSTITUTE(TRIM(MID(A8,FIND("-",A8)+1,50)),"LR ","LR"), SUBSTITUTE(TRIM(MID(A8,FIND("-",A8)+1,50)),"LR ","LR") ) ) ) ) &IF(OR(E8=600,E8=650,E8=920)," /"&E8,"") &IF(E8=640," PS","") &IF(AND(OR(B8=8,B8=10,B8=16),D8=2800,E8=2070)," "&B8&"mm",""), "") | Y8: =IF(W8="","", IF( OR( ISNUMBER(FIND(" ST",X8)), ISNUMBER(FIND(" SM",X8)), ISNUMBER(FIND(" PM",X8)), ISNUMBER(FIND(" TM",X8)), ISNUMBER(FIND(" PG",X8)), ISNUMBER(FIND(" PA",X8)) ), IF(OR(E8=600,E8=650,E8=920), SUBSTITUTE(X8," ","",1), IFERROR(LEFT(SUBSTITUTE(X8," ","",1), FIND("/",SUBSTITUTE(X8," ","",1))-1), SUBSTITUTE(X8," ","",1)) ), IF(OR(E8=600,E8=650,E8=920), X8, IFERROR(LEFT(X8, FIND("/",X8)-1), X8) ) ) &IF(W8="LC"," LC","") ) | Z8: =IF( OR(W8="DB PAL",W8="DB MDF"), IF( OR( ISNUMBER(FIND(" ST",X8)), ISNUMBER(FIND(" SM",X8)), ISNUMBER(FIND(" PM",X8)), ISNUMBER(FIND("TM/ST7",X8)), ISNUMBER(FIND(" PG",X8)), ISNUMBER(FIND(" PA",X8)) ), IFERROR(LEFT(SUBSTITUTE(X8," ","",1), FIND("/",SUBSTITUTE(X8," ","",1))-1), SUBSTITUTE(X8," ","",1)), IFERROR(LEFT(X8, FIND("/",X8)-1), X8) ), " " ) | AA8: =IF(OR(W8="DB PAL",W8="DB MDF"), IF(V8=INT(V8),"OK", "Vezi EK"),"")
V9: =IFERROR(IF(OR(W9="DB PAL",W9="DB MDF"),ROUND(Q9/13.5,0), ROUND(Q9/P9,2)),"") | W9: =IF( AND( OR( AND(D9=2800,E9=2070,OR(B9=19,B9=19.3)), AND(D9=2800,E9=1220,B9=18), AND(D9=3050,E9=1300,B9=19), AND(D9=3050,E9=1310,B9=19), AND(D9=2800,E9=1300,OR(B9=17.5,B9=18.5,B9=19)), AND(RIGHT(A9,6)="MDF 3D",B9<>36) ), NOT(OR( ISNUMBER(FIND(" TM",A9)), ISNUMBER(FIND("TM/ST",A9)) )), RIGHT(A9,6)<>"ROH P2" ), "MDF", IF( AND( D9=2800, OR(E9=2070,E9=1000), OR(B9=18,B9=18.6,B9=8,B9=10,B9=16,B9=19), RIGHT(A9,6)<>"MDF 3D" ), "PAL", IF( AND( D9=2800, E9=2070, OR(B9=19,B9=19.3), OR(ISNUMBER(FIND(" TM",A9)),ISNUMBER(FIND("TM/ST",A9))) ), "PAL", IF( AND( D9=2800, E9=2070, OR(B9=38,B9=38.6,B9=36,B9=37.2,B9=32,B9=26,B9=28), OR(ISNUMBER(FIND(" TM",A9)),ISNUMBER(FIND("TM/ST",A9))) ), "DB PAL", IF( AND( D9=4100, OR(E9=600,E9=650,E9=920,E9=1200), OR(B9=38,B9=20) ), "BLAT", IF( AND( D9=4100, OR(E9=600,E9=650,E9=920), OR(B9=12) ), "LC", IF( AND( D9=4100, E9=640, OR(B9=9.2,B9=8,B9=8.8) ), "PS", IF( AND( OR( AND(D9=2800,E9=2070,OR(B9=38,B9=38.6)), AND(D9=2800,E9=1220,B9=36), AND(D9=3050,OR(E9=1300,E9=1310),OR(B9=38.6,B9=38,B9=38.1)), AND(D9=2800,E9=1300,B9=35), AND(D9=2800,E9=1300,B9=38), AND(RIGHT(A9,6)="MDF 3D",B9=36) ), NOT(OR(ISNUMBER(FIND(" TM",A9)),ISNUMBER(FIND("TM/ST",A9)))) ), "DB MDF", IF( AND( D9=2800, E9=2070, OR(B9=36,B9=37.2,B9=32,B9=26,B9=28), RIGHT(A9,6)<>"MDF 3D" ), "DB PAL", IF(B9=2.7,"HDF","N/A") ) ) ) ) ) ) ) ) ) -> N/A | X9: =IFERROR( IF( ISNUMBER(SEARCH("2461LT",A9)), "Rehau 2461LT", IF( ISNUMBER(SEARCH("3146L",A9)), "Rehau 3146L", IF( ISNUMBER(SEARCH("1918L",A9)), "Rehau 1918L", IF( ISNUMBER(--LEFT(SUBSTITUTE(TRIM(MID(A9,FIND("-",A9)+1,50)),"LR ","LR"),1)), "AGT "&SUBSTITUTE(TRIM(MID(A9,FIND("-",A9)+1,50)),"LR ","LR"), SUBSTITUTE(TRIM(MID(A9,FIND("-",A9)+1,50)),"LR ","LR") ) ) ) ) &IF(OR(E9=600,E9=650,E9=920)," /"&E9,"") &IF(E9=640," PS","") &IF(AND(OR(B9=8,B9=10,B9=16),D9=2800,E9=2070)," "&B9&"mm",""), "") | Y9: =IF(W9="","", IF( OR( ISNUMBER(FIND(" ST",X9)), ISNUMBER(FIND(" SM",X9)), ISNUMBER(FIND(" PM",X9)), ISNUMBER(FIND(" TM",X9)), ISNUMBER(FIND(" PG",X9)), ISNUMBER(FIND(" PA",X9)) ), IF(OR(E9=600,E9=650,E9=920), SUBSTITUTE(X9," ","",1), IFERROR(LEFT(SUBSTITUTE(X9," ","",1), FIND("/",SUBSTITUTE(X9," ","",1))-1), SUBSTITUTE(X9," ","",1)) ), IF(OR(E9=600,E9=650,E9=920), X9, IFERROR(LEFT(X9, FIND("/",X9)-1), X9) ) ) &IF(W9="LC"," LC","") ) | Z9: =IF( OR(W9="DB PAL",W9="DB MDF"), IF( OR( ISNUMBER(FIND(" ST",X9)), ISNUMBER(FIND(" SM",X9)), ISNUMBER(FIND(" PM",X9)), ISNUMBER(FIND("TM/ST7",X9)), ISNUMBER(FIND(" PG",X9)), ISNUMBER(FIND(" PA",X9)) ), IFERROR(LEFT(SUBSTITUTE(X9," ","",1), FIND("/",SUBSTITUTE(X9," ","",1))-1), SUBSTITUTE(X9," ","",1)), IFERROR(LEFT(X9, FIND("/",X9)-1), X9) ), " " ) | AA9: =IF(OR(W9="DB PAL",W9="DB MDF"), IF(V9=INT(V9),"OK", "Vezi EK"),"")
V10: =IFERROR(IF(OR(W10="DB PAL",W10="DB MDF"),ROUND(Q10/13.5,0), ROUND(Q10/P10,2)),"") | W10: =IF( AND( OR( AND(D10=2800,E10=2070,OR(B10=19,B10=19.3)), AND(D10=2800,E10=1220,B10=18), AND(D10=3050,E10=1300,B10=19), AND(D10=3050,E10=1310,B10=19), AND(D10=2800,E10=1300,OR(B10=17.5,B10=18.5,B10=19)), AND(RIGHT(A10,6)="MDF 3D",B10<>36) ), NOT(OR( ISNUMBER(FIND(" TM",A10)), ISNUMBER(FIND("TM/ST",A10)) )), RIGHT(A10,6)<>"ROH P2" ), "MDF", IF( AND( D10=2800, OR(E10=2070,E10=1000), OR(B10=18,B10=18.6,B10=8,B10=10,B10=16,B10=19), RIGHT(A10,6)<>"MDF 3D" ), "PAL", IF( AND( D10=2800, E10=2070, OR(B10=19,B10=19.3), OR(ISNUMBER(FIND(" TM",A10)),ISNUMBER(FIND("TM/ST",A10))) ), "PAL", IF( AND( D10=2800, E10=2070, OR(B10=38,B10=38.6,B10=36,B10=37.2,B10=32,B10=26,B10=28), OR(ISNUMBER(FIND(" TM",A10)),ISNUMBER(FIND("TM/ST",A10))) ), "DB PAL", IF( AND( D10=4100, OR(E10=600,E10=650,E10=920,E10=1200), OR(B10=38,B10=20) ), "BLAT", IF( AND( D10=4100, OR(E10=600,E10=650,E10=920), OR(B10=12) ), "LC", IF( AND( D10=4100, E10=640, OR(B10=9.2,B10=8,B10=8.8) ), "PS", IF( AND( OR( AND(D10=2800,E10=2070,OR(B10=38,B10=38.6)), AND(D10=2800,E10=1220,B10=36), AND(D10=3050,OR(E10=1300,E10=1310),OR(B10=38.6,B10=38,B10=38.1)), AND(D10=2800,E10=1300,B10=35), AND(D10=2800,E10=1300,B10=38), AND(RIGHT(A10,6)="MDF 3D",B10=36) ), NOT(OR(ISNUMBER(FIND(" TM",A10)),ISNUMBER(FIND("TM/ST",A10)))) ), "DB MDF", IF( AND( D10=2800, E10=2070, OR(B10=36,B10=37.2,B10=32,B10=26,B10=28), RIGHT(A10,6)<>"MDF 3D" ), "DB PAL", IF(B10=2.7,"HDF","N/A") ) ) ) ) ) ) ) ) ) -> N/A | X10: =IFERROR( IF( ISNUMBER(SEARCH("2461LT",A10)), "Rehau 2461LT", IF( ISNUMBER(SEARCH("3146L",A10)), "Rehau 3146L", IF( ISNUMBER(SEARCH("1918L",A10)), "Rehau 1918L", IF( ISNUMBER(--LEFT(SUBSTITUTE(TRIM(MID(A10,FIND("-",A10)+1,50)),"LR ","LR"),1)), "AGT "&SUBSTITUTE(TRIM(MID(A10,FIND("-",A10)+1,50)),"LR ","LR"), SUBSTITUTE(TRIM(MID(A10,FIND("-",A10)+1,50)),"LR ","LR") ) ) ) ) &IF(OR(E10=600,E10=650,E10=920)," /"&E10,"") &IF(E10=640," PS","") &IF(AND(OR(B10=8,B10=10,B10=16),D10=2800,E10=2070)," "&B10&"mm",""), "") | Y10: =IF(W10="","", IF( OR( ISNUMBER(FIND(" ST",X10)), ISNUMBER(FIND(" SM",X10)), ISNUMBER(FIND(" PM",X10)), ISNUMBER(FIND(" TM",X10)), ISNUMBER(FIND(" PG",X10)), ISNUMBER(FIND(" PA",X10)) ), IF(OR(E10=600,E10=650,E10=920), SUBSTITUTE(X10," ","",1), IFERROR(LEFT(SUBSTITUTE(X10," ","",1), FIND("/",SUBSTITUTE(X10," ","",1))-1), SUBSTITUTE(X10," ","",1)) ), IF(OR(E10=600,E10=650,E10=920), X10, IFERROR(LEFT(X10, FIND("/",X10)-1), X10) ) ) &IF(W10="LC"," LC","") ) | Z10: =IF( OR(W10="DB PAL",W10="DB MDF"), IF( OR( ISNUMBER(FIND(" ST",X10)), ISNUMBER(FIND(" SM",X10)), ISNUMBER(FIND(" PM",X10)), ISNUMBER(FIND("TM/ST7",X10)), ISNUMBER(FIND(" PG",X10)), ISNUMBER(FIND(" PA",X10)) ), IFERROR(LEFT(SUBSTITUTE(X10," ","",1), FIND("/",SUBSTITUTE(X10," ","",1))-1), SUBSTITUTE(X10," ","",1)), IFERROR(LEFT(X10, FIND("/",X10)-1), X10) ), " " ) | AA10: =IF(OR(W10="DB PAL",W10="DB MDF"), IF(V10=INT(V10),"OK", "Vezi EK"),"")
V11: =IFERROR(IF(OR(W11="DB PAL",W11="DB MDF"),ROUND(Q11/13.5,0), ROUND(Q11/P11,2)),"") | W11: =IF( AND( OR( AND(D11=2800,E11=2070,OR(B11=19,B11=19.3)), AND(D11=2800,E11=1220,B11=18), AND(D11=3050,E11=1300,B11=19), AND(D11=3050,E11=1310,B11=19), AND(D11=2800,E11=1300,OR(B11=17.5,B11=18.5,B11=19)), AND(RIGHT(A11,6)="MDF 3D",B11<>36) ), NOT(OR( ISNUMBER(FIND(" TM",A11)), ISNUMBER(FIND("TM/ST",A11)) )), RIGHT(A11,6)<>"ROH P2" ), "MDF", IF( AND( D11=2800, OR(E11=2070,E11=1000), OR(B11=18,B11=18.6,B11=8,B11=10,B11=16,B11=19), RIGHT(A11,6)<>"MDF 3D" ), "PAL", IF( AND( D11=2800, E11=2070, OR(B11=19,B11=19.3), OR(ISNUMBER(FIND(" TM",A11)),ISNUMBER(FIND("TM/ST",A11))) ), "PAL", IF( AND( D11=2800, E11=2070, OR(B11=38,B11=38.6,B11=36,B11=37.2,B11=32,B11=26,B11=28), OR(ISNUMBER(FIND(" TM",A11)),ISNUMBER(FIND("TM/ST",A11))) ), "DB PAL", IF( AND( D11=4100, OR(E11=600,E11=650,E11=920,E11=1200), OR(B11=38,B11=20) ), "BLAT", IF( AND( D11=4100, OR(E11=600,E11=650,E11=920), OR(B11=12) ), "LC", IF( AND( D11=4100, E11=640, OR(B11=9.2,B11=8,B11=8.8) ), "PS", IF( AND( OR( AND(D11=2800,E11=2070,OR(B11=38,B11=38.6)), AND(D11=2800,E11=1220,B11=36), AND(D11=3050,OR(E11=1300,E11=1310),OR(B11=38.6,B11=38,B11=38.1)), AND(D11=2800,E11=1300,B11=35), AND(D11=2800,E11=1300,B11=38), AND(RIGHT(A11,6)="MDF 3D",B11=36) ), NOT(OR(ISNUMBER(FIND(" TM",A11)),ISNUMBER(FIND("TM/ST",A11)))) ), "DB MDF", IF( AND( D11=2800, E11=2070, OR(B11=36,B11=37.2,B11=32,B11=26,B11=28), RIGHT(A11,6)<>"MDF 3D" ), "DB PAL", IF(B11=2.7,"HDF","N/A") ) ) ) ) ) ) ) ) ) -> N/A | X11: =IFERROR( IF( ISNUMBER(SEARCH("2461LT",A11)), "Rehau 2461LT", IF( ISNUMBER(SEARCH("3146L",A11)), "Rehau 3146L", IF( ISNUMBER(SEARCH("1918L",A11)), "Rehau 1918L", IF( ISNUMBER(--LEFT(SUBSTITUTE(TRIM(MID(A11,FIND("-",A11)+1,50)),"LR ","LR"),1)), "AGT "&SUBSTITUTE(TRIM(MID(A11,FIND("-",A11)+1,50)),"LR ","LR"), SUBSTITUTE(TRIM(MID(A11,FIND("-",A11)+1,50)),"LR ","LR") ) ) ) ) &IF(OR(E11=600,E11=650,E11=920)," /"&E11,"") &IF(E11=640," PS","") &IF(AND(OR(B11=8,B11=10,B11=16),D11=2800,E11=2070)," "&B11&"mm",""), "") | Y11: =IF(W11="","", IF( OR( ISNUMBER(FIND(" ST",X11)), ISNUMBER(FIND(" SM",X11)), ISNUMBER(FIND(" PM",X11)), ISNUMBER(FIND(" TM",X11)), ISNUMBER(FIND(" PG",X11)), ISNUMBER(FIND(" PA",X11)) ), IF(OR(E11=600,E11=650,E11=920), SUBSTITUTE(X11," ","",1), IFERROR(LEFT(SUBSTITUTE(X11," ","",1), FIND("/",SUBSTITUTE(X11," ","",1))-1), SUBSTITUTE(X11," ","",1)) ), IF(OR(E11=600,E11=650,E11=920), X11, IFERROR(LEFT(X11, FIND("/",X11)-1), X11) ) ) &IF(W11="LC"," LC","") ) | Z11: =IF( OR(W11="DB PAL",W11="DB MDF"), IF( OR( ISNUMBER(FIND(" ST",X11)), ISNUMBER(FIND(" SM",X11)), ISNUMBER(FIND(" PM",X11)), ISNUMBER(FIND("TM/ST7",X11)), ISNUMBER(FIND(" PG",X11)), ISNUMBER(FIND(" PA",X11)) ), IFERROR(LEFT(SUBSTITUTE(X11," ","",1), FIND("/",SUBSTITUTE(X11," ","",1))-1), SUBSTITUTE(X11," ","",1)), IFERROR(LEFT(X11, FIND("/",X11)-1), X11) ), " " ) | AA11: =IF(OR(W11="DB PAL",W11="DB MDF"), IF(V11=INT(V11),"OK", "Vezi EK"),"")
V12: =IFERROR(IF(OR(W12="DB PAL",W12="DB MDF"),ROUND(Q12/13.5,0), ROUND(Q12/P12,2)),"") | W12: =IF( AND( OR( AND(D12=2800,E12=2070,OR(B12=19,B12=19.3)), AND(D12=2800,E12=1220,B12=18), AND(D12=3050,E12=1300,B12=19), AND(D12=3050,E12=1310,B12=19), AND(D12=2800,E12=1300,OR(B12=17.5,B12=18.5,B12=19)), AND(RIGHT(A12,6)="MDF 3D",B12<>36) ), NOT(OR( ISNUMBER(FIND(" TM",A12)), ISNUMBER(FIND("TM/ST",A12)) )), RIGHT(A12,6)<>"ROH P2" ), "MDF", IF( AND( D12=2800, OR(E12=2070,E12=1000), OR(B12=18,B12=18.6,B12=8,B12=10,B12=16,B12=19), RIGHT(A12,6)<>"MDF 3D" ), "PAL", IF( AND( D12=2800, E12=2070, OR(B12=19,B12=19.3), OR(ISNUMBER(FIND(" TM",A12)),ISNUMBER(FIND("TM/ST",A12))) ), "PAL", IF( AND( D12=2800, E12=2070, OR(B12=38,B12=38.6,B12=36,B12=37.2,B12=32,B12=26,B12=28), OR(ISNUMBER(FIND(" TM",A12)),ISNUMBER(FIND("TM/ST",A12))) ), "DB PAL", IF( AND( D12=4100, OR(E12=600,E12=650,E12=920,E12=1200), OR(B12=38,B12=20) ), "BLAT", IF( AND( D12=4100, OR(E12=600,E12=650,E12=920), OR(B12=12) ), "LC", IF( AND( D12=4100, E12=640, OR(B12=9.2,B12=8,B12=8.8) ), "PS", IF( AND( OR( AND(D12=2800,E12=2070,OR(B12=38,B12=38.6)), AND(D12=2800,E12=1220,B12=36), AND(D12=3050,OR(E12=1300,E12=1310),OR(B12=38.6,B12=38,B12=38.1)), AND(D12=2800,E12=1300,B12=35), AND(D12=2800,E12=1300,B12=38), AND(RIGHT(A12,6)="MDF 3D",B12=36) ), NOT(OR(ISNUMBER(FIND(" TM",A12)),ISNUMBER(FIND("TM/ST",A12)))) ), "DB MDF", IF( AND( D12=2800, E12=2070, OR(B12=36,B12=37.2,B12=32,B12=26,B12=28), RIGHT(A12,6)<>"MDF 3D" ), "DB PAL", IF(B12=2.7,"HDF","N/A") ) ) ) ) ) ) ) ) ) -> N/A | X12: =IFERROR( IF( ISNUMBER(SEARCH("2461LT",A12)), "Rehau 2461LT", IF( ISNUMBER(SEARCH("3146L",A12)), "Rehau 3146L", IF( ISNUMBER(SEARCH("1918L",A12)), "Rehau 1918L", IF( ISNUMBER(--LEFT(SUBSTITUTE(TRIM(MID(A12,FIND("-",A12)+1,50)),"LR ","LR"),1)), "AGT "&SUBSTITUTE(TRIM(MID(A12,FIND("-",A12)+1,50)),"LR ","LR"), SUBSTITUTE(TRIM(MID(A12,FIND("-",A12)+1,50)),"LR ","LR") ) ) ) ) &IF(OR(E12=600,E12=650,E12=920)," /"&E12,"") &IF(E12=640," PS","") &IF(AND(OR(B12=8,B12=10,B12=16),D12=2800,E12=2070)," "&B12&"mm",""), "") | Y12: =IF(W12="","", IF( OR( ISNUMBER(FIND(" ST",X12)), ISNUMBER(FIND(" SM",X12)), ISNUMBER(FIND(" PM",X12)), ISNUMBER(FIND(" TM",X12)), ISNUMBER(FIND(" PG",X12)), ISNUMBER(FIND(" PA",X12)) ), IF(OR(E12=600,E12=650,E12=920), SUBSTITUTE(X12," ","",1), IFERROR(LEFT(SUBSTITUTE(X12," ","",1), FIND("/",SUBSTITUTE(X12," ","",1))-1), SUBSTITUTE(X12," ","",1)) ), IF(OR(E12=600,E12=650,E12=920), X12, IFERROR(LEFT(X12, FIND("/",X12)-1), X12) ) ) &IF(W12="LC"," LC","") ) | Z12: =IF( OR(W12="DB PAL",W12="DB MDF"), IF( OR( ISNUMBER(FIND(" ST",X12)), ISNUMBER(FIND(" SM",X12)), ISNUMBER(FIND(" PM",X12)), ISNUMBER(FIND("TM/ST7",X12)), ISNUMBER(FIND(" PG",X12)), ISNUMBER(FIND(" PA",X12)) ), IFERROR(LEFT(SUBSTITUTE(X12," ","",1), FIND("/",SUBSTITUTE(X12," ","",1))-1), SUBSTITUTE(X12," ","",1)), IFERROR(LEFT(X12, FIND("/",X12)-1), X12) ), " " ) | AA12: =IF(OR(W12="DB PAL",W12="DB MDF"), IF(V12=INT(V12),"OK", "Vezi EK"),"")
V13: =IFERROR(IF(OR(W13="DB PAL",W13="DB MDF"),ROUND(Q13/13.5,0), ROUND(Q13/P13,2)),"") | W13: =IF( AND( OR( AND(D13=2800,E13=2070,OR(B13=19,B13=19.3)), AND(D13=2800,E13=1220,B13=18), AND(D13=3050,E13=1300,B13=19), AND(D13=3050,E13=1310,B13=19), AND(D13=2800,E13=1300,OR(B13=17.5,B13=18.5,B13=19)), AND(RIGHT(A13,6)="MDF 3D",B13<>36) ), NOT(OR( ISNUMBER(FIND(" TM",A13)), ISNUMBER(FIND("TM/ST",A13)) )), RIGHT(A13,6)<>"ROH P2" ), "MDF", IF( AND( D13=2800, OR(E13=2070,E13=1000), OR(B13=18,B13=18.6,B13=8,B13=10,B13=16,B13=19), RIGHT(A13,6)<>"MDF 3D" ), "PAL", IF( AND( D13=2800, E13=2070, OR(B13=19,B13=19.3), OR(ISNUMBER(FIND(" TM",A13)),ISNUMBER(FIND("TM/ST",A13))) ), "PAL", IF( AND( D13=2800, E13=2070, OR(B13=38,B13=38.6,B13=36,B13=37.2,B13=32,B13=26,B13=28), OR(ISNUMBER(FIND(" TM",A13)),ISNUMBER(FIND("TM/ST",A13))) ), "DB PAL", IF( AND( D13=4100, OR(E13=600,E13=650,E13=920,E13=1200), OR(B13=38,B13=20) ), "BLAT", IF( AND( D13=4100, OR(E13=600,E13=650,E13=920), OR(B13=12) ), "LC", IF( AND( D13=4100, E13=640, OR(B13=9.2,B13=8,B13=8.8) ), "PS", IF( AND( OR( AND(D13=2800,E13=2070,OR(B13=38,B13=38.6)), AND(D13=2800,E13=1220,B13=36), AND(D13=3050,OR(E13=1300,E13=1310),OR(B13=38.6,B13=38,B13=38.1)), AND(D13=2800,E13=1300,B13=35), AND(D13=2800,E13=1300,B13=38), AND(RIGHT(A13,6)="MDF 3D",B13=36) ), NOT(OR(ISNUMBER(FIND(" TM",A13)),ISNUMBER(FIND("TM/ST",A13)))) ), "DB MDF", IF( AND( D13=2800, E13=2070, OR(B13=36,B13=37.2,B13=32,B13=26,B13=28), RIGHT(A13,6)<>"MDF 3D" ), "DB PAL", IF(B13=2.7,"HDF","N/A") ) ) ) ) ) ) ) ) ) -> N/A | X13: =IFERROR( IF( ISNUMBER(SEARCH("2461LT",A13)), "Rehau 2461LT", IF( ISNUMBER(SEARCH("3146L",A13)), "Rehau 3146L", IF( ISNUMBER(SEARCH("1918L",A13)), "Rehau 1918L", IF( ISNUMBER(--LEFT(SUBSTITUTE(TRIM(MID(A13,FIND("-",A13)+1,50)),"LR ","LR"),1)), "AGT "&SUBSTITUTE(TRIM(MID(A13,FIND("-",A13)+1,50)),"LR ","LR"), SUBSTITUTE(TRIM(MID(A13,FIND("-",A13)+1,50)),"LR ","LR") ) ) ) ) &IF(OR(E13=600,E13=650,E13=920)," /"&E13,"") &IF(E13=640," PS","") &IF(AND(OR(B13=8,B13=10,B13=16),D13=2800,E13=2070)," "&B13&"mm",""), "") | Y13: =IF(W13="","", IF( OR( ISNUMBER(FIND(" ST",X13)), ISNUMBER(FIND(" SM",X13)), ISNUMBER(FIND(" PM",X13)), ISNUMBER(FIND(" TM",X13)), ISNUMBER(FIND(" PG",X13)), ISNUMBER(FIND(" PA",X13)) ), IF(OR(E13=600,E13=650,E13=920), SUBSTITUTE(X13," ","",1), IFERROR(LEFT(SUBSTITUTE(X13," ","",1), FIND("/",SUBSTITUTE(X13," ","",1))-1), SUBSTITUTE(X13," ","",1)) ), IF(OR(E13=600,E13=650,E13=920), X13, IFERROR(LEFT(X13, FIND("/",X13)-1), X13) ) ) &IF(W13="LC"," LC","") ) | Z13: =IF( OR(W13="DB PAL",W13="DB MDF"), IF( OR( ISNUMBER(FIND(" ST",X13)), ISNUMBER(FIND(" SM",X13)), ISNUMBER(FIND(" PM",X13)), ISNUMBER(FIND("TM/ST7",X13)), ISNUMBER(FIND(" PG",X13)), ISNUMBER(FIND(" PA",X13)) ), IFERROR(LEFT(SUBSTITUTE(X13," ","",1), FIND("/",SUBSTITUTE(X13," ","",1))-1), SUBSTITUTE(X13," ","",1)), IFERROR(LEFT(X13, FIND("/",X13)-1), X13) ), " " ) | AA13: =IF(OR(W13="DB PAL",W13="DB MDF"), IF(V13=INT(V13),"OK", "Vezi EK"),"")
... V34: =IFERROR(IF(OR(W34="DB PAL",W34="DB MDF"),ROUND(Q34/13.5,0), ROUND(Q34/P34,2)),"") | W34: =IF( AND( OR( AND(D34=2800,E34=2070,OR(B34=19,B34=19.3)), AND(D34=2800,E34=1220,B34=18), AND(D34=3050,E34=1300,B34=19), AND(D34=3050,E34=1310,B34=19), AND(D34=2800,E34=1300,OR(B34=17.5,B34=18.5,B34=19)), AND(RIGHT(A34,6)="MDF 3D",B34<>36) ), NOT(OR( ISNUMBER(FIND(" TM",A34)), ISNUMBER(FIND("TM/ST",A34)) )), RIGHT(A34,6)<>"ROH P2" ), "MDF", IF( AND( D34=2800, OR(E34=2070,E34=1000), OR(B34=18,B34=18.6,B34=8,B34=10,B34=16,B34=19), RIGHT(A34,6)<>"MDF 3D" ), "PAL", IF( AND( D34=2800, E34=2070, OR(B34=19,B34=19.3), OR(ISNUMBER(FIND(" TM",A34)),ISNUMBER(FIND("TM/ST",A34))) ), "PAL", IF( AND( D34=2800, E34=2070, OR(B34=38,B34=38.6,B34=36,B34=37.2,B34=32,B34=26,B34=28), OR(ISNUMBER(FIND(" TM",A34)),ISNUMBER(FIND("TM/ST",A34))) ), "DB PAL", IF( AND( D34=4100, OR(E34=600,E34=650,E34=920,E34=1200), OR(B34=38,B34=20) ), "BLAT", IF( AND( D34=4100, OR(E34=600,E34=650,E34=920), OR(B34=12) ), "LC", IF( AND( D34=4100, E34=640, OR(B34=9.2,B34=8,B34=8.8) ), "PS", IF( AND( OR( AND(D34=2800,E34=2070,OR(B34=38,B34=38.6)), AND(D34=2800,E34=1220,B34=36), AND(D34=3050,OR(E34=1300,E34=1310),OR(B34=38.6,B34=38,B34=38.1)), AND(D34=2800,E34=1300,B34=35), AND(D34=2800,E34=1300,B34=38), AND(RIGHT(A34,6)="MDF 3D",B34=36) ), NOT(OR(ISNUMBER(FIND(" TM",A34)),ISNUMBER(FIND("TM/ST",A34)))) ), "DB MDF", IF( AND( D34=2800, E34=2070, OR(B34=36,B34=37.2,B34=32,B34=26,B34=28), RIGHT(A34,6)<>"MDF 3D" ), "DB PAL", IF(B34=2.7,"HDF","N/A") ) ) ) ) ) ) ) ) ) -> N/A | X34: =IFERROR( IF( ISNUMBER(SEARCH("2461LT",A34)), "Rehau 2461LT", IF( ISNUMBER(SEARCH("3146L",A34)), "Rehau 3146L", IF( ISNUMBER(SEARCH("1918L",A34)), "Rehau 1918L", IF( ISNUMBER(--LEFT(SUBSTITUTE(TRIM(MID(A34,FIND("-",A34)+1,50)),"LR ","LR"),1)), "AGT "&SUBSTITUTE(TRIM(MID(A34,FIND("-",A34)+1,50)),"LR ","LR"), SUBSTITUTE(TRIM(MID(A34,FIND("-",A34)+1,50)),"LR ","LR") ) ) ) ) &IF(OR(E34=600,E34=650,E34=920)," /"&E34,"") &IF(E34=640," PS","") &IF(AND(OR(B34=8,B34=10,B34=16),D34=2800,E34=2070)," "&B34&"mm",""), "") | Y34: =IF(W34="","", IF( OR( ISNUMBER(FIND(" ST",X34)), ISNUMBER(FIND(" SM",X34)), ISNUMBER(FIND(" PM",X34)), ISNUMBER(FIND(" TM",X34)), ISNUMBER(FIND(" PG",X34)), ISNUMBER(FIND(" PA",X34)) ), IF(OR(E34=600,E34=650,E34=920), SUBSTITUTE(X34," ","",1), IFERROR(LEFT(SUBSTITUTE(X34," ","",1), FIND("/",SUBSTITUTE(X34," ","",1))-1), SUBSTITUTE(X34," ","",1)) ), IF(OR(E34=600,E34=650,E34=920), X34, IFERROR(LEFT(X34, FIND("/",X34)-1), X34) ) ) &IF(W34="LC"," LC","") ) | Z34: =IF( OR(W34="DB PAL",W34="DB MDF"), IF( OR( ISNUMBER(FIND(" ST",X34)), ISNUMBER(FIND(" SM",X34)), ISNUMBER(FIND(" PM",X34)), ISNUMBER(FIND("TM/ST7",X34)), ISNUMBER(FIND(" PG",X34)), ISNUMBER(FIND(" PA",X34)) ), IFERROR(LEFT(SUBSTITUTE(X34," ","",1), FIND("/",SUBSTITUTE(X34," ","",1))-1), SUBSTITUTE(X34," ","",1)), IFERROR(LEFT(X34, FIND("/",X34)-1), X34) ), " " ) | AA34: =IF(OR(W34="DB PAL",W34="DB MDF"), IF(V34=INT(V34),"OK", "Vezi EK"),"")

Sheet Cant
A1: Denumire | B1: Grosime | C1: Cant | D1: Lung | E1: Lat | I1: m patrati | J1: Tip Decor | L1: Cod Decor | M1: Cod
H2: =RIGHT(A2,3) | I2: =ROUNDUP(E2*1.03,0) -> 0 | J2: =CONCATENATE(B2,"/",H2) -> / | L2: =IFERROR( IF( ISNUMBER(SEARCH("2461LT",A2)), "Rehau 2461LT", IF( ISNUMBER(SEARCH("3146L",A2)), "Rehau 3146L", IF( ISNUMBER(SEARCH("1918L",A2)), "Rehau 1918L", IF( ISNUMBER(VALUE(MID(A2,FIND("-",A2)+1,1))), "AGT "&TRIM(MID(A2,FIND("-",A2)+1,FIND("@",SUBSTITUTE(A2,"-","@",LEN(A2)-LEN(SUBSTITUTE(A2,"-",""))))-FIND("-",A2)-1)), TRIM(MID(A2,FIND("-",A2)+1,FIND("@",SUBSTITUTE(A2,"-","@",LEN(A2)-LEN(SUBSTITUTE(A2,"-",""))))-FIND("-",A2)-1)) ) ) ) ), "") | M2: =IF(OR(ISNUMBER(FIND(" ST",L2)),ISNUMBER(FIND(" SM",L2)),ISNUMBER(FIND(" PM",L2)),ISNUMBER(FIND(" TM",L2)),ISNUMBER(FIND(" PG",L2)),ISNUMBER(FIND(" PA",L2))),SUBSTITUTE(L2," ","",1),L2)
H3: =RIGHT(A3,3) | I3: =ROUNDUP(E3*1.03,0) -> 0 | J3: =CONCATENATE(B3,"/",H3) -> / | L3: =IFERROR( IF( ISNUMBER(SEARCH("2461LT",A3)), "Rehau 2461LT", IF( ISNUMBER(SEARCH("3146L",A3)), "Rehau 3146L", IF( ISNUMBER(SEARCH("1918L",A3)), "Rehau 1918L", IF( ISNUMBER(VALUE(MID(A3,FIND("-",A3)+1,1))), "AGT "&TRIM(MID(A3,FIND("-",A3)+1,FIND("@",SUBSTITUTE(A3,"-","@",LEN(A3)-LEN(SUBSTITUTE(A3,"-",""))))-FIND("-",A3)-1)), TRIM(MID(A3,FIND("-",A3)+1,FIND("@",SUBSTITUTE(A3,"-","@",LEN(A3)-LEN(SUBSTITUTE(A3,"-",""))))-FIND("-",A3)-1)) ) ) ) ), "") | M3: =IF(OR(ISNUMBER(FIND(" ST",L3)),ISNUMBER(FIND(" SM",L3)),ISNUMBER(FIND(" PM",L3)),ISNUMBER(FIND(" TM",L3)),ISNUMBER(FIND(" PG",L3)),ISNUMBER(FIND(" PA",L3))),SUBSTITUTE(L3," ","",1),L3)
H4: =RIGHT(A4,3) | I4: =ROUNDUP(E4*1.03,0) -> 0 | J4: =CONCATENATE(B4,"/",H4) -> / | L4: =IFERROR( IF( ISNUMBER(SEARCH("2461LT",A4)), "Rehau 2461LT", IF( ISNUMBER(SEARCH("3146L",A4)), "Rehau 3146L", IF( ISNUMBER(SEARCH("1918L",A4)), "Rehau 1918L", IF( ISNUMBER(VALUE(MID(A4,FIND("-",A4)+1,1))), "AGT "&TRIM(MID(A4,FIND("-",A4)+1,FIND("@",SUBSTITUTE(A4,"-","@",LEN(A4)-LEN(SUBSTITUTE(A4,"-",""))))-FIND("-",A4)-1)), TRIM(MID(A4,FIND("-",A4)+1,FIND("@",SUBSTITUTE(A4,"-","@",LEN(A4)-LEN(SUBSTITUTE(A4,"-",""))))-FIND("-",A4)-1)) ) ) ) ), "") | M4: =IF(OR(ISNUMBER(FIND(" ST",L4)),ISNUMBER(FIND(" SM",L4)),ISNUMBER(FIND(" PM",L4)),ISNUMBER(FIND(" TM",L4)),ISNUMBER(FIND(" PG",L4)),ISNUMBER(FIND(" PA",L4))),SUBSTITUTE(L4," ","",1),L4)
H5: =RIGHT(A5,3) | I5: =ROUNDUP(E5*1.03,0) -> 0 | J5: =CONCATENATE(B5,"/",H5) -> / | L5: =IFERROR( IF( ISNUMBER(SEARCH("2461LT",A5)), "Rehau 2461LT", IF( ISNUMBER(SEARCH("3146L",A5)), "Rehau 3146L", IF( ISNUMBER(SEARCH("1918L",A5)), "Rehau 1918L", IF( ISNUMBER(VALUE(MID(A5,FIND("-",A5)+1,1))), "AGT "&TRIM(MID(A5,FIND("-",A5)+1,FIND("@",SUBSTITUTE(A5,"-","@",LEN(A5)-LEN(SUBSTITUTE(A5,"-",""))))-FIND("-",A5)-1)), TRIM(MID(A5,FIND("-",A5)+1,FIND("@",SUBSTITUTE(A5,"-","@",LEN(A5)-LEN(SUBSTITUTE(A5,"-",""))))-FIND("-",A5)-1)) ) ) ) ), "") | M5: =IF(OR(ISNUMBER(FIND(" ST",L5)),ISNUMBER(FIND(" SM",L5)),ISNUMBER(FIND(" PM",L5)),ISNUMBER(FIND(" TM",L5)),ISNUMBER(FIND(" PG",L5)),ISNUMBER(FIND(" PA",L5))),SUBSTITUTE(L5," ","",1),L5)
H6: =RIGHT(A6,3) | I6: =ROUNDUP(E6*1.03,0) -> 0 | J6: =CONCATENATE(B6,"/",H6) -> / | L6: =IFERROR( IF( ISNUMBER(SEARCH("2461LT",A6)), "Rehau 2461LT", IF( ISNUMBER(SEARCH("3146L",A6)), "Rehau 3146L", IF( ISNUMBER(SEARCH("1918L",A6)), "Rehau 1918L", IF( ISNUMBER(VALUE(MID(A6,FIND("-",A6)+1,1))), "AGT "&TRIM(MID(A6,FIND("-",A6)+1,FIND("@",SUBSTITUTE(A6,"-","@",LEN(A6)-LEN(SUBSTITUTE(A6,"-",""))))-FIND("-",A6)-1)), TRIM(MID(A6,FIND("-",A6)+1,FIND("@",SUBSTITUTE(A6,"-","@",LEN(A6)-LEN(SUBSTITUTE(A6,"-",""))))-FIND("-",A6)-1)) ) ) ) ), "") | M6: =IF(OR(ISNUMBER(FIND(" ST",L6)),ISNUMBER(FIND(" SM",L6)),ISNUMBER(FIND(" PM",L6)),ISNUMBER(FIND(" TM",L6)),ISNUMBER(FIND(" PG",L6)),ISNUMBER(FIND(" PA",L6))),SUBSTITUTE(L6," ","",1),L6)
H7: =RIGHT(A7,3) | I7: =ROUNDUP(E7*1.03,0) -> 0 | J7: =CONCATENATE(B7,"/",H7) -> / | L7: =IFERROR( IF( ISNUMBER(SEARCH("2461LT",A7)), "Rehau 2461LT", IF( ISNUMBER(SEARCH("3146L",A7)), "Rehau 3146L", IF( ISNUMBER(SEARCH("1918L",A7)), "Rehau 1918L", IF( ISNUMBER(VALUE(MID(A7,FIND("-",A7)+1,1))), "AGT "&TRIM(MID(A7,FIND("-",A7)+1,FIND("@",SUBSTITUTE(A7,"-","@",LEN(A7)-LEN(SUBSTITUTE(A7,"-",""))))-FIND("-",A7)-1)), TRIM(MID(A7,FIND("-",A7)+1,FIND("@",SUBSTITUTE(A7,"-","@",LEN(A7)-LEN(SUBSTITUTE(A7,"-",""))))-FIND("-",A7)-1)) ) ) ) ), "") | M7: =IF(OR(ISNUMBER(FIND(" ST",L7)),ISNUMBER(FIND(" SM",L7)),ISNUMBER(FIND(" PM",L7)),ISNUMBER(FIND(" TM",L7)),ISNUMBER(FIND(" PG",L7)),ISNUMBER(FIND(" PA",L7))),SUBSTITUTE(L7," ","",1),L7)
H8: =RIGHT(A8,3) | I8: =ROUNDUP(E8*1.03,0) -> 0 | J8: =CONCATENATE(B8,"/",H8) -> / | L8: =IFERROR( IF( ISNUMBER(SEARCH("2461LT",A8)), "Rehau 2461LT", IF( ISNUMBER(SEARCH("3146L",A8)), "Rehau 3146L", IF( ISNUMBER(SEARCH("1918L",A8)), "Rehau 1918L", IF( ISNUMBER(VALUE(MID(A8,FIND("-",A8)+1,1))), "AGT "&TRIM(MID(A8,FIND("-",A8)+1,FIND("@",SUBSTITUTE(A8,"-","@",LEN(A8)-LEN(SUBSTITUTE(A8,"-",""))))-FIND("-",A8)-1)), TRIM(MID(A8,FIND("-",A8)+1,FIND("@",SUBSTITUTE(A8,"-","@",LEN(A8)-LEN(SUBSTITUTE(A8,"-",""))))-FIND("-",A8)-1)) ) ) ) ), "") | M8: =IF(OR(ISNUMBER(FIND(" ST",L8)),ISNUMBER(FIND(" SM",L8)),ISNUMBER(FIND(" PM",L8)),ISNUMBER(FIND(" TM",L8)),ISNUMBER(FIND(" PG",L8)),ISNUMBER(FIND(" PA",L8))),SUBSTITUTE(L8," ","",1),L8)
H9: =RIGHT(A9,3) | I9: =ROUNDUP(E9*1.03,0) -> 0 | J9: =CONCATENATE(B9,"/",H9) -> / | L9: =IFERROR( IF( ISNUMBER(SEARCH("2461LT",A9)), "Rehau 2461LT", IF( ISNUMBER(SEARCH("3146L",A9)), "Rehau 3146L", IF( ISNUMBER(SEARCH("1918L",A9)), "Rehau 1918L", IF( ISNUMBER(VALUE(MID(A9,FIND("-",A9)+1,1))), "AGT "&TRIM(MID(A9,FIND("-",A9)+1,FIND("@",SUBSTITUTE(A9,"-","@",LEN(A9)-LEN(SUBSTITUTE(A9,"-",""))))-FIND("-",A9)-1)), TRIM(MID(A9,FIND("-",A9)+1,FIND("@",SUBSTITUTE(A9,"-","@",LEN(A9)-LEN(SUBSTITUTE(A9,"-",""))))-FIND("-",A9)-1)) ) ) ) ), "") | M9: =IF(OR(ISNUMBER(FIND(" ST",L9)),ISNUMBER(FIND(" SM",L9)),ISNUMBER(FIND(" PM",L9)),ISNUMBER(FIND(" TM",L9)),ISNUMBER(FIND(" PG",L9)),ISNUMBER(FIND(" PA",L9))),SUBSTITUTE(L9," ","",1),L9)
H10: =RIGHT(A10,3) | I10: =ROUNDUP(E10*1.03,0) -> 0 | J10: =CONCATENATE(B10,"/",H10) -> / | L10: =IFERROR( IF( ISNUMBER(SEARCH("2461LT",A10)), "Rehau 2461LT", IF( ISNUMBER(SEARCH("3146L",A10)), "Rehau 3146L", IF( ISNUMBER(SEARCH("1918L",A10)), "Rehau 1918L", IF( ISNUMBER(VALUE(MID(A10,FIND("-",A10)+1,1))), "AGT "&TRIM(MID(A10,FIND("-",A10)+1,FIND("@",SUBSTITUTE(A10,"-","@",LEN(A10)-LEN(SUBSTITUTE(A10,"-",""))))-FIND("-",A10)-1)), TRIM(MID(A10,FIND("-",A10)+1,FIND("@",SUBSTITUTE(A10,"-","@",LEN(A10)-LEN(SUBSTITUTE(A10,"-",""))))-FIND("-",A10)-1)) ) ) ) ), "") | M10: =IF(OR(ISNUMBER(FIND(" ST",L10)),ISNUMBER(FIND(" SM",L10)),ISNUMBER(FIND(" PM",L10)),ISNUMBER(FIND(" TM",L10)),ISNUMBER(FIND(" PG",L10)),ISNUMBER(FIND(" PA",L10))),SUBSTITUTE(L10," ","",1),L10)
H11: =RIGHT(A11,3) | I11: =ROUNDUP(E11*1.03,0) -> 0 | J11: =CONCATENATE(B11,"/",H11) -> / | L11: =IFERROR( IF( ISNUMBER(SEARCH("2461LT",A11)), "Rehau 2461LT", IF( ISNUMBER(SEARCH("3146L",A11)), "Rehau 3146L", IF( ISNUMBER(SEARCH("1918L",A11)), "Rehau 1918L", IF( ISNUMBER(VALUE(MID(A11,FIND("-",A11)+1,1))), "AGT "&TRIM(MID(A11,FIND("-",A11)+1,FIND("@",SUBSTITUTE(A11,"-","@",LEN(A11)-LEN(SUBSTITUTE(A11,"-",""))))-FIND("-",A11)-1)), TRIM(MID(A11,FIND("-",A11)+1,FIND("@",SUBSTITUTE(A11,"-","@",LEN(A11)-LEN(SUBSTITUTE(A11,"-",""))))-FIND("-",A11)-1)) ) ) ) ), "") | M11: =IF(OR(ISNUMBER(FIND(" ST",L11)),ISNUMBER(FIND(" SM",L11)),ISNUMBER(FIND(" PM",L11)),ISNUMBER(FIND(" TM",L11)),ISNUMBER(FIND(" PG",L11)),ISNUMBER(FIND(" PA",L11))),SUBSTITUTE(L11," ","",1),L11)
H12: =RIGHT(A12,3) | I12: =ROUNDUP(E12*1.03,0) -> 0 | J12: =CONCATENATE(B12,"/",H12) -> / | L12: =IFERROR( IF( ISNUMBER(SEARCH("2461LT",A12)), "Rehau 2461LT", IF( ISNUMBER(SEARCH("3146L",A12)), "Rehau 3146L", IF( ISNUMBER(SEARCH("1918L",A12)), "Rehau 1918L", IF( ISNUMBER(VALUE(MID(A12,FIND("-",A12)+1,1))), "AGT "&TRIM(MID(A12,FIND("-",A12)+1,FIND("@",SUBSTITUTE(A12,"-","@",LEN(A12)-LEN(SUBSTITUTE(A12,"-",""))))-FIND("-",A12)-1)), TRIM(MID(A12,FIND("-",A12)+1,FIND("@",SUBSTITUTE(A12,"-","@",LEN(A12)-LEN(SUBSTITUTE(A12,"-",""))))-FIND("-",A12)-1)) ) ) ) ), "") | M12: =IF(OR(ISNUMBER(FIND(" ST",L12)),ISNUMBER(FIND(" SM",L12)),ISNUMBER(FIND(" PM",L12)),ISNUMBER(FIND(" TM",L12)),ISNUMBER(FIND(" PG",L12)),ISNUMBER(FIND(" PA",L12))),SUBSTITUTE(L12," ","",1),L12)
H13: =RIGHT(A13,3) | I13: =ROUNDUP(E13*1.03,0) -> 0 | J13: =CONCATENATE(B13,"/",H13) -> / | L13: =IFERROR( IF( ISNUMBER(SEARCH("2461LT",A13)), "Rehau 2461LT", IF( ISNUMBER(SEARCH("3146L",A13)), "Rehau 3146L", IF( ISNUMBER(SEARCH("1918L",A13)), "Rehau 1918L", IF( ISNUMBER(VALUE(MID(A13,FIND("-",A13)+1,1))), "AGT "&TRIM(MID(A13,FIND("-",A13)+1,FIND("@",SUBSTITUTE(A13,"-","@",LEN(A13)-LEN(SUBSTITUTE(A13,"-",""))))-FIND("-",A13)-1)), TRIM(MID(A13,FIND("-",A13)+1,FIND("@",SUBSTITUTE(A13,"-","@",LEN(A13)-LEN(SUBSTITUTE(A13,"-",""))))-FIND("-",A13)-1)) ) ) ) ), "") | M13: =IF(OR(ISNUMBER(FIND(" ST",L13)),ISNUMBER(FIND(" SM",L13)),ISNUMBER(FIND(" PM",L13)),ISNUMBER(FIND(" TM",L13)),ISNUMBER(FIND(" PG",L13)),ISNUMBER(FIND(" PA",L13))),SUBSTITUTE(L13," ","",1),L13)
... H23: =RIGHT(A23,3) | I23: =ROUNDUP(E23*1.03,0) -> 0 | J23: =CONCATENATE(B23,"/",H23) -> / | L23: =IFERROR( IF( ISNUMBER(SEARCH("2461LT",A23)), "Rehau 2461LT", IF( ISNUMBER(SEARCH("3146L",A23)), "Rehau 3146L", IF( ISNUMBER(SEARCH("1918L",A23)), "Rehau 1918L", IF( ISNUMBER(VALUE(MID(A23,FIND("-",A23)+1,1))), "AGT "&TRIM(MID(A23,FIND("-",A23)+1,FIND("@",SUBSTITUTE(A23,"-","@",LEN(A23)-LEN(SUBSTITUTE(A23,"-",""))))-FIND("-",A23)-1)), TRIM(MID(A23,FIND("-",A23)+1,FIND("@",SUBSTITUTE(A23,"-","@",LEN(A23)-LEN(SUBSTITUTE(A23,"-",""))))-FIND("-",A23)-1)) ) ) ) ), "") | M23: =IF(OR(ISNUMBER(FIND(" ST",L23)),ISNUMBER(FIND(" SM",L23)),ISNUMBER(FIND(" PM",L23)),ISNUMBER(FIND(" TM",L23)),ISNUMBER(FIND(" PG",L23)),ISNUMBER(FIND(" PA",L23))),SUBSTITUTE(L23," ","",1),L23)

Sheet Taiere
I2: =IF(ISNUMBER(SEARCH("CLMEL", A2)), "CLEAF", Deco!W2) -> N/A
I3: =IF(ISNUMBER(SEARCH("CLMEL", A3)), "CLEAF", Deco!W3) -> N/A
I4: =IF(ISNUMBER(SEARCH("CLMEL", A4)), "CLEAF", Deco!W4) -> N/A
I5: =IF(ISNUMBER(SEARCH("CLMEL", A5)), "CLEAF", Deco!W5) -> N/A
I6: =IF(ISNUMBER(SEARCH("CLMEL", A6)), "CLEAF", Deco!W6) -> N/A
I7: =IF(ISNUMBER(SEARCH("CLMEL", A7)), "CLEAF", Deco!W7) -> N/A
I8: =IF(ISNUMBER(SEARCH("CLMEL", A8)), "CLEAF", Deco!W8) -> N/A
I9: =IF(ISNUMBER(SEARCH("CLMEL", A9)), "CLEAF", Deco!W9) -> N/A
I10: =IF(ISNUMBER(SEARCH("CLMEL", A10)), "CLEAF", Deco!W10) -> N/A
I11: =IF(ISNUMBER(SEARCH("CLMEL", A11)), "CLEAF", Deco!W11) -> N/A
I12: =IF(ISNUMBER(SEARCH("CLMEL", A12)), "CLEAF", Deco!W12) -> N/A
I13: =IF(ISNUMBER(SEARCH("CLMEL", A13)), "CLEAF", Deco!W13) -> N/A
... I28: =IF(ISNUMBER(SEARCH("CLMEL", A28)), "CLEAF", Deco!W28) -> N/A
I335: =Deco!W335 -> 0

Sheet Parametri
A1: Dan Slotea | B1: Ofertă | C1: Mobilier în Roomdesigner | D1: CLIENT | E1: Comandă după ofertă | F1: Valoare | G1: Pasi
A2: David Constantin | B2: Comandă (cu work preparation) | C2: Debitare căntuire | D2: PLAN M | E2: Modificare proiect | F2: N | G2: Da
A3: Iulian Necula | E3: Recalculare după modificarea prețurilor | F3: S | G3: Nu
A4: Liliana Chiriță
A5: Adrian Mărgărit
A6: Denisa Manea
